StudentID,Name,Gender,Age,Date,Category,Description,Amount,Unnamed: 8,Unnamed: 9,Unnamed: 10,Unnamed: 11,AgeGroup
3597,Jennifer Mckenzie,Male,20,2025-02-19,Transport,Before size be.,49.07,,,,,18-20
1641,Tony Anderson,Male,20,2025-03-26,Utilities,American address never away gas.,447.76,,,,,18-20
3328,Lacey James,Female,18,2025-03-26,Utilities,Gun many price field challenge.,381.78,,,,,18-20
9176,Ana Mccall,Male,18,2025-04-13,Stationery,Seven cover challenge picture.,362.56,,,,264278.19,18-20
9686,Mikayla Berry,Male,22,2025-03-09,Utilities,During keep Congress middle.,319.48,,,,,21-23
1765,Mrs. Carrie Jackson,Female,20,2025-03-13,Stationery,Increase any ago bag.,244.48,,,,,18-20
7398,Pedro Cruz,Male,25,2025-03-21,Transport,Care character example police budget.,395.57,,,,,24-26
4081,Nancy Bailey,Female,19,2025-03-10,Stationery,Thank woman service.,335.4,,,,,18-20
9680,Carrie Williams,Male,25,2025-04-08,Transport,Him form manager step.,451.54,,,,,24-26
8808,Lisa Graham,Male,22,2025-02-01,Utilities,Set nearly.,215.54,,,,,21-23
1383,Juan James,Female,19,2025-03-27,Utilities,Least drop democratic draw.,496.22,,,,,18-20
8498,Jonathan Summers,Male,20,2025-02-25,Utilities,Situation mean page view.,385.29,,,,,18-20
1016,David Murphy,Female,24,2025-02-09,Entertainment,Deal model quite mouth rate.,182.36,,,,,24-26
5709,Charles Moore,Male,24,2025-02-28,Food,Own even send.,140.63,,,,,24-26
8703,Deborah Blair,Male,25,2025-02-14,Stationery,Degree risk teach pressure world.,432.72,,,,,24-26
4276,Charles Santiago,Male,25,2025-02-18,Utilities,All should house.,463.26,,,,,24-26
2109,William Mendoza,Male,25,2025-03-29,Utilities,Executive enough deal.,279.15,,,,,24-26
3571,Stephanie Schmidt,Male,18,2025-03-25,Transport,Attorney will word.,252.2,,,,,18-20
6340,Jeremy Thompson,Male,21,2025-02-15,Utilities,Huge decide.,365.47,,,,,21-23
5779,Erin Kennedy,Male,25,2025-02-17,Entertainment,Body energy none.,154.4,,,,,24-26
4793,Madeline Solis,Female,24,2025-02-27,Transport,Drive decade exactly part world.,253.85,,,,,24-26
3902,Richard Stevens,Female,18,2025-02-14,Food,Few four star success.,319.49,,,,,18-20
7174,Anthony Dorsey,Male,19,2025-03-25,Food,Around condition every.,179.44,,,,,18-20
5613,Amanda Shields,Female,24,2025-01-22,Utilities,Media present really service.,198.41,,,,,24-26
8926,Lindsey Dillon,Male,20,2025-04-19,Entertainment,Various poor model hundred.,97.9,,,,,18-20
7272,Raymond Jordan,Female,24,2025-02-18,Utilities,About discover dark.,212.05,,,,,24-26
5192,Andrea Wright,Female,20,2025-04-06,Utilities,Home commercial idea.,139.83,,,,,18-20
9497,Randy Russo,Female,21,2025-01-27,Transport,Day long year.,496.16,,,,,21-23
7082,Kathryn Davis,Female,25,2025-02-14,Stationery,Seat forget history.,193.15,,,,,24-26
1651,Olivia Johnson,Female,23,2025-01-26,Stationery,Her still former plant.,460.21,,,,,21-23
7393,Deborah Martin,Male,20,2025-02-17,Food,Shake beautiful.,279.48,,,,,18-20
8267,Mary Oliver,Female,19,2025-03-30,Food,Society may heavy ago.,354.09,,,,,18-20
4616,Alexander Pham,Male,25,2025-03-07,Stationery,With none together guess market.,64.77,,,,,24-26
8881,Logan Byrd,Male,24,2025-02-27,Transport,Production would two role rather.,211.71,,,,,24-26
4319,Richard Hernandez,Female,21,2025-01-25,Food,Player American light.,432.27,,,,,21-23
8102,Michael Hood DVM,Female,21,2025-04-14,Entertainment,Situation story read crime.,480.55,,,,,21-23
9661,Ricardo Arnold,Male,19,2025-01-29,Transport,Which concern beat my.,207.43,,,,,18-20
8773,Eric King,Male,21,2025-01-29,Stationery,Expert relationship course Mr.,440.9,,,,,21-23
3052,Charles Bryant,Male,23,2025-03-21,Food,Total reveal budget.,62.61,,,,,21-23
4601,Christopher Hodge,Male,20,2025-01-31,Transport,Though rest help debate.,119.89,,,,,18-20
8395,Katie Castillo,Female,19,2025-03-05,Food,American development occur.,319.27,,,,,18-20
3295,Austin Glover,Male,19,2025-01-30,Stationery,Republican three unit loss.,256.51,,,,,18-20
7675,Jeremy Henry,Female,21,2025-01-29,Entertainment,Mother morning involve water.,248.94,,,,,21-23
8604,Eric Thomas,Male,23,2025-03-26,Transport,White TV television when.,329.15,,,,,21-23
9979,Leslie Olson,Female,23,2025-02-09,Entertainment,Answer serious.,182.94,,,,,21-23
4321,Mrs. Kelly Patel PhD,Female,19,2025-01-25,Utilities,Personal together seek company.,222.34,,,,,18-20
6686,Brianna Romero,Female,25,2025-03-03,Food,During east prepare his.,300.17,,,,,24-26
9906,Scott Strong,Female,22,2025-03-29,Utilities,Whose positive science.,378.3,,,,,21-23
7353,Aaron Romero,Male,20,2025-02-21,Transport,Series fall prepare.,380.08,,,,,18-20
4340,Rachel Mahoney,Male,22,2025-04-09,Utilities,Five section world write.,133.02,,,,,21-23
1103,Jessica Dougherty,Male,21,2025-02-13,Stationery,Local throughout garden knowledge.,440.24,,,,,21-23
7925,Shane Burgess,Male,25,2025-03-29,Utilities,Religious newspaper.,209.45,,,,,24-26
2255,Crystal Smith,Male,19,2025-01-26,Transport,Design society her you ball.,191.3,,,,,18-20
8301,Andrew Allen,Male,22,2025-02-08,Stationery,Just so ago.,436.5,,,,,21-23
8357,Steven Mendoza,Male,24,2025-04-06,Transport,Today street have.,231.58,,,,,24-26
4732,Tammy Jackson,Male,19,2025-03-23,Utilities,Article kid yourself increase stay.,267.07,,,,,18-20
9988,Sean Evans,Male,22,2025-03-07,Entertainment,Model must.,204.93,,,,,21-23
5628,Christopher Romero,Female,19,2025-02-01,Food,Make most.,234.12,,,,,18-20
4324,Brooke Chen,Male,19,2025-02-09,Utilities,Explain television any.,479.53,,,,,18-20
7702,Timothy Jones,Female,18,2025-02-10,Utilities,Safe situation career democratic.,389.1,,,,,18-20
2449,Lisa Clark,Female,21,2025-03-10,Food,Laugh professor raise.,479.96,,,,,21-23
9776,Bradley Oliver,Female,23,2025-03-10,Stationery,Expert anyone few.,418.2,,,,,21-23
1978,Christina Ward,Male,24,2025-02-23,Stationery,Sport whether option picture southern.,209.21,,,,,24-26
4668,Jesus Wilson,Female,19,2025-04-05,Utilities,Join choice Democrat realize if.,357.69,,,,,18-20
2959,Kelly Hamilton,Male,24,2025-01-25,Transport,Along contain.,435.41,,,,,24-26
1673,Rebecca Munoz,Female,20,2025-04-17,Entertainment,Network bring usually.,236.36,,,,,18-20
4501,Daniel Navarro,Female,20,2025-03-23,Food,Beautiful last reality.,325.94,,,,,18-20
4652,David Rodriguez,Female,22,2025-02-15,Stationery,Require feel attention base.,148.97,,,,,21-23
5515,John Huerta,Male,22,2025-03-18,Utilities,Southern thus.,497.36,,,,,21-23
4305,John Burns,Female,24,2025-02-22,Utilities,Religious sister.,274.61,,,,,24-26
6783,Shawn Andrews,Male,24,2025-02-09,Food,Sign amount collection.,294.29,,,,,24-26
8795,David Bell,Male,20,2025-02-28,Utilities,Month attack himself.,496.2,,,,,18-20
7374,Jeff Baker,Female,25,2025-02-25,Stationery,Support moment alone poor hope.,323.43,,,,,24-26
1012,Tracy Banks,Female,18,2025-04-17,Entertainment,Well lay media.,151.42,,,,,18-20
1745,Matthew Evans,Male,18,2025-01-27,Entertainment,Sing century question.,338.72,,,,,18-20
1590,Lisa Torres,Female,24,2025-03-11,Stationery,Modern sit teach major.,360.58,,,,,24-26
7176,Natalie Jones,Male,21,2025-03-09,Utilities,Door available.,127.87,,,,,21-23
2838,John Fitzpatrick,Male,20,2025-04-02,Utilities,Reality discover nice particular.,374.83,,,,,18-20
4827,Grace Brooks,Female,21,2025-04-17,Utilities,Language rest.,230.07,,,,,21-23
4491,Jennifer Frost DDS,Male,22,2025-02-15,Food,Gas identify.,458.18,,,,,21-23
7661,Karen Scott,Male,25,2025-01-30,Stationery,Race join.,288.08,,,,,24-26
6846,Harold Gill,Male,22,2025-04-15,Food,This difference deal free.,311.81,,,,,21-23
2464,Jesse Lawson,Female,20,2025-02-21,Stationery,Security need fine statement.,123.03,,,,,18-20
5011,Margaret Anderson,Male,21,2025-03-07,Utilities,Including for data view.,375.48,,,,,21-23
9938,Isaiah Mason,Female,25,2025-02-22,Stationery,Country foreign letter like.,371.54,,,,,24-26
9943,Kathleen Middleton,Female,21,2025-03-09,Stationery,Room think.,344.28,,,,,21-23
8852,Karen Cooper,Female,20,2025-02-23,Entertainment,Region suffer fight cost hope.,314.84,,,,,18-20
5654,Amber Gonzales,Male,23,2025-04-11,Stationery,Suffer certain full mean.,91.59,,,,,21-23
5852,Julie Cox,Female,18,2025-03-22,Entertainment,Whose speech drive available.,22.69,,,,,18-20
8010,Mr. William Johnson II,Male,21,2025-04-04,Transport,Write trial read fear.,148.41,,,,,21-23
1614,Michelle Curry,Male,18,2025-03-06,Entertainment,Fast toward bring believe peace.,209.27,,,,,18-20
4606,Amanda Ramos,Male,19,2025-01-25,Entertainment,Least because.,248.69,,,,,18-20
4313,Dr. Reginald Barnes III,Female,24,2025-04-15,Transport,Than writer book.,47.04,,,,,24-26
7288,Adam Brandt,Male,24,2025-01-29,Transport,Can spring.,56.84,,,,,24-26
6153,Bruce Lewis Jr.,Female,21,2025-02-10,Utilities,Admit impact necessary attack notice.,24.82,,,,,21-23
9605,Mr. Anthony Russo,Male,21,2025-03-25,Stationery,Feeling goal suddenly.,99.39,,,,,21-23
3072,Eric Smith,Male,25,2025-02-11,Food,Buy training bill.,264.18,,,,,24-26
2679,Alexis Boyd,Male,21,2025-03-14,Food,Quickly late happy smile maintain.,496.67,,,,,21-23
2115,Nicole Long,Male,18,2025-01-30,Utilities,Choose market.,248.57,,,,,18-20
5019,Gregory Gonzalez,Female,22,2025-04-07,Food,Sit position significant speech.,429.61,,,,,21-23
7019,Mark Dunn,Male,21,2025-02-17,Utilities,Adult sometimes.,296.94,,,,,21-23
1419,Mr. Paul Obrien PhD,Male,20,2025-03-31,Food,Hand idea same.,479.29,,,,,18-20
1110,Hannah Williams,Male,19,2025-04-19,Stationery,Few society attorney.,438.75,,,,,18-20
5357,Margaret Hall,Female,24,2025-02-12,Entertainment,Soldier center blue.,241.31,,,,,24-26
3972,Leslie Stevens,Female,18,2025-03-07,Food,Time major administration hair movement.,212.1,,,,,18-20
7776,Melissa Marshall,Female,19,2025-03-29,Food,Whole day send.,264.09,,,,,18-20
3046,Jillian Benson,Male,25,2025-03-20,Utilities,Real however.,151.22,,,,,24-26
8724,Justin Smith,Male,19,2025-03-16,Entertainment,Magazine their involve.,88.89,,,,,18-20
5394,Christopher Orozco,Female,21,2025-04-06,Transport,Job should both.,424.38,,,,,21-23
4788,Nicole Jackson,Female,19,2025-02-22,Food,Region summer billion care.,254.54,,,,,18-20
5755,Paul Johnson,Male,20,2025-04-02,Food,Performance whole religious.,350.67,,,,,18-20
7638,Amanda Marsh,Female,24,2025-04-03,Utilities,Color choose story summer me.,425.91,,,,,24-26
9740,Abigail Nelson,Female,25,2025-02-20,Transport,Create lawyer budget factor.,358.69,,,,,24-26
9629,Donna Moore,Male,18,2025-03-10,Transport,Food majority doctor let.,253.46,,,,,18-20
9699,Kelly Anderson,Female,18,2025-04-19,Utilities,Include itself approach.,231.79,,,,,18-20
5645,William Rowe,Male,20,2025-04-06,Transport,Price visit use.,460.21,,,,,18-20
5073,Eddie Reynolds,Female,25,2025-01-29,Entertainment,Same if far.,143.03,,,,,24-26
8953,Jon Fisher,Female,19,2025-02-23,Entertainment,Dream international.,457.48,,,,,18-20
8787,Nathan Reyes,Male,19,2025-04-03,Stationery,Year answer.,308.8,,,,,18-20
4001,Jerry Sanchez,Male,25,2025-03-31,Stationery,Yard across.,332.79,,,,,24-26
7589,Tiffany Oliver,Female,18,2025-02-04,Transport,Occur single officer lead mean.,476.78,,,,,18-20
1194,Emily Johnson,Female,23,2025-01-30,Stationery,Down assume place.,68.44,,,,,21-23
9664,Edward Wheeler,Female,18,2025-02-14,Food,Able six shoulder machine when.,461.49,,,,,18-20
4697,Maria Mendoza,Male,21,2025-01-25,Transport,Fight interest increase.,378.24,,,,,21-23
6516,Melinda Perez,Male,24,2025-01-29,Transport,Method leg compare.,236.12,,,,,24-26
8044,David Hawkins,Male,25,2025-03-07,Stationery,Manager player despite.,144.05,,,,,24-26
2287,Dean Farrell,Female,23,2025-02-17,Entertainment,Citizen step voice people.,313.9,,,,,21-23
7155,Brittany Meyer,Male,20,2025-02-14,Entertainment,Set movie it.,96.21,,,,,18-20
4705,Megan Clark,Female,18,2025-04-13,Entertainment,Federal not cup green shake.,362.09,,,,,18-20
8934,Erica Sanders,Female,22,2025-02-28,Food,Music can up.,29.12,,,,,21-23
3350,Lauren Bishop,Female,21,2025-02-17,Food,Door environmental five left staff.,146.7,,,,,21-23
4737,Ronald Mahoney,Female,22,2025-02-07,Entertainment,Offer not use.,173.25,,,,,21-23
7950,John Cameron,Female,20,2025-03-19,Stationery,Miss section measure.,129.32,,,,,18-20
2035,Philip Carroll,Male,20,2025-02-16,Transport,Listen support.,273.47,,,,,18-20
3342,Michael Garcia,Female,21,2025-04-19,Utilities,Prove name every mean home.,436.74,,,,,21-23
3116,Duane Palmer,Male,22,2025-02-22,Transport,Eight approach give.,410.62,,,,,21-23
3655,Eugene Hall,Male,23,2025-04-01,Food,Decide bar cell.,67.45,,,,,21-23
5059,Eric Boyle,Female,24,2025-03-11,Food,Up east difficult newspaper already.,31.81,,,,,24-26
5268,Scott Welch,Male,24,2025-04-10,Utilities,Tell every term.,478.19,,,,,24-26
9481,Patricia Clark,Female,19,2025-04-03,Stationery,Student support not.,121.84,,,,,18-20
8204,Nichole Mcdonald,Male,21,2025-01-21,Food,Store mother.,36.13,,,,,21-23
3811,Melissa Garrison,Male,21,2025-04-16,Transport,Hour player focus.,129.85,,,,,21-23
6128,Curtis Jackson,Female,23,2025-04-01,Transport,Help above nothing summer.,333.83,,,,,21-23
5053,Ms. Lauren Joseph,Male,23,2025-02-06,Transport,Southern commercial almost.,36.13,,,,,21-23
5258,Troy Robinson,Male,18,2025-02-17,Utilities,Material magazine behavior.,72.18,,,,,18-20
9314,Alison Hill,Female,23,2025-04-04,Utilities,Everybody contain most.,85.65,,,,,21-23
5978,John Dunn,Male,20,2025-01-24,Entertainment,Computer everything certainly suffer.,305.12,,,,,18-20
4862,Teresa Fisher,Male,18,2025-02-15,Transport,Character tonight television feel affect.,52.38,,,,,18-20
4714,Gary Mcbride,Male,18,2025-04-03,Utilities,Wind instead family several.,288.93,,,,,18-20
1796,Jeffrey Smith MD,Male,24,2025-02-26,Entertainment,Add conference understand.,69.05,,,,,24-26
2949,Robert Martinez,Male,19,2025-02-09,Food,Service cover.,221.78,,,,,18-20
1827,Samantha Murray,Female,24,2025-03-15,Stationery,Issue interview bill military officer.,327.71,,,,,24-26
5077,Jesse Castillo,Female,19,2025-03-31,Utilities,Bag raise well mind.,409.34,,,,,18-20
7837,Melissa Aguirre,Female,19,2025-03-22,Utilities,Very defense middle strong.,228.19,,,,,18-20
3006,Ian Boyd,Female,24,2025-01-31,Food,Wide sit hand.,132.69,,,,,24-26
8692,James Lewis,Female,25,2025-04-15,Food,Second community throughout.,224.5,,,,,24-26
7097,Tammy Johnson,Male,22,2025-03-11,Utilities,Environmental happy support rest.,154.07,,,,,21-23
1510,Gary Wood,Male,22,2025-03-12,Transport,Else wife baby across peace.,403.39,,,,,21-23
1073,Jessica Watson,Female,18,2025-03-04,Entertainment,Fact care although to data.,459.96,,,,,18-20
8546,Aaron Schmidt,Female,23,2025-02-15,Entertainment,Crime hear receive.,369.28,,,,,21-23
1113,Nicole Mooney,Female,24,2025-01-30,Food,Per kitchen one.,316.46,,,,,24-26
1887,Ashley Brewer,Female,18,2025-03-26,Transport,Successful program already front.,483.07,,,,,18-20
6976,Charles Keller,Male,19,2025-01-30,Food,Receive ten hard.,279.82,,,,,18-20
7643,Christina Wright,Male,21,2025-03-24,Entertainment,Increase beautiful.,464.46,,,,,21-23
1368,Heather Gonzales,Female,20,2025-03-14,Transport,Stand return culture just policy.,399.35,,,,,18-20
9257,Rebecca Harrison,Female,18,2025-03-22,Food,Under himself fire similar.,293.81,,,,,18-20
6283,Lauren Hood,Female,21,2025-04-14,Stationery,Plant identify since against.,111.65,,,,,21-23
3385,Rebecca Morgan,Female,21,2025-02-14,Food,Almost require simply military sometimes.,208.92,,,,,21-23
2866,Patrick George,Female,25,2025-03-01,Entertainment,Risk back government.,467.34,,,,,24-26
9183,Elizabeth Sandoval,Female,19,2025-02-20,Transport,Girl degree wait middle evening.,273.36,,,,,18-20
9013,James Rodriguez,Female,20,2025-04-09,Utilities,Money next poor option.,419.32,,,,,18-20
9184,Tina Johnson,Male,18,2025-03-22,Utilities,During likely wait old.,298.75,,,,,18-20
8154,Brent Curry,Male,20,2025-03-27,Entertainment,Until fact return child.,209.95,,,,,18-20
3290,Jamie Anderson,Male,19,2025-03-08,Stationery,Myself sign three our.,100.07,,,,,18-20
3621,Nicole Roman,Male,18,2025-01-28,Entertainment,Follow reason happy.,355.94,,,,,18-20
4986,Ronald Chen,Male,25,2025-03-31,Entertainment,Mother base note letter eye.,35.19,,,,,24-26
6304,Roger Green,Male,24,2025-02-12,Utilities,Put situation ok.,95.12,,,,,24-26
9723,Andrew Maldonado,Male,19,2025-01-21,Food,One simple set of.,70.96,,,,,18-20
9368,Alyssa Paul,Female,25,2025-04-05,Food,Walk also opportunity course.,196.18,,,,,24-26
5496,Cathy James,Male,21,2025-03-12,Entertainment,Central step at.,91.95,,,,,21-23
8485,Stephanie Jackson,Male,23,2025-02-22,Entertainment,Him money significant.,184.77,,,,,21-23
9448,Lauren Winters,Female,22,2025-02-04,Entertainment,Since set pick painting.,31.48,,,,,21-23
3975,David Rodriguez,Male,19,2025-03-26,Stationery,Produce explain.,336.29,,,,,18-20
2250,Amanda Wood,Female,18,2025-03-24,Food,Program blood owner involve.,121.29,,,,,18-20
4452,Jackson Jones,Female,20,2025-03-11,Stationery,Decide popular go job.,296.34,,,,,18-20
9416,Leslie Bell,Male,22,2025-04-05,Stationery,Describe couple.,439.07,,,,,21-23
8094,Robert Moody,Female,18,2025-04-20,Food,Model interview arrive finally.,377.86,,,,,18-20
5689,Theresa Horne,Male,20,2025-03-25,Food,Should expert artist right.,367.1,,,,,18-20
9415,Amber Turner,Male,23,2025-04-09,Stationery,Price participant bring.,444.24,,,,,21-23
2148,Amy Smith,Female,22,2025-04-03,Entertainment,Country consumer.,479.61,,,,,21-23
4832,Samantha Galvan,Female,18,2025-02-25,Stationery,Politics direction.,280.91,,,,,18-20
3858,Barbara Solis,Male,21,2025-04-04,Transport,Value enter nothing yard.,315.87,,,,,21-23
3751,Edward Elliott,Male,19,2025-02-08,Food,Rather within.,456.8,,,,,18-20
9487,Luke Rollins,Female,22,2025-04-06,Transport,Though somebody paper budget.,449.27,,,,,21-23
1631,Michele Shields,Female,23,2025-03-24,Entertainment,Understand send government attorney determine.,101.01,,,,,21-23
2083,Anthony Terrell,Female,18,2025-04-16,Food,Individual sea.,152.0,,,,,18-20
6609,Crystal Moore,Male,22,2025-02-04,Transport,Plant role difference feeling.,286.94,,,,,21-23
3757,Thomas Hunter,Male,18,2025-03-12,Transport,Mouth Mr.,495.88,,,,,18-20
4513,Brendan Hernandez,Male,25,2025-04-17,Utilities,Record nice partner experience anyone.,90.48,,,,,24-26
1721,Aaron Ibarra,Female,20,2025-02-18,Utilities,Painting care employee take write.,232.37,,,,,18-20
5043,Erika Clements,Female,22,2025-04-14,Entertainment,Suggest actually she discuss heavy.,427.99,,,,,21-23
3685,Mr. Ronald Taylor,Male,20,2025-04-10,Entertainment,Spend eye rule notice have.,47.49,,,,,18-20
3596,Rita Johnston,Male,24,2025-02-03,Food,Or process business light.,480.5,,,,,24-26
7471,Sylvia Mcdonald,Female,23,2025-04-12,Transport,Wrong white fish.,484.7,,,,,21-23
9157,Madison Harper,Female,18,2025-03-28,Entertainment,Behind free.,46.85,,,,,18-20
8338,Darrell Lam,Male,20,2025-02-12,Food,Crime little church.,400.52,,,,,18-20
2235,Valerie Meza,Male,20,2025-04-13,Entertainment,Affect often hotel.,306.54,,,,,18-20
4210,Frank Garcia,Male,22,2025-02-27,Transport,Fight customer.,201.96,,,,,21-23
2355,Wendy Marquez,Female,19,2025-03-13,Stationery,Create value feel space reduce.,488.15,,,,,18-20
3309,Christina Maldonado,Female,24,2025-01-28,Utilities,Step heart.,400.79,,,,,24-26
8761,Jordan Soto,Male,21,2025-02-18,Transport,Film develop level.,154.27,,,,,21-23
2088,Jennifer Thomas,Male,20,2025-01-26,Transport,Herself four respond address.,168.12,,,,,18-20
3839,Alexander Rogers,Male,18,2025-02-25,Entertainment,Herself future everyone ago tax.,193.33,,,,,18-20
2288,Lee Brown,Male,23,2025-04-18,Stationery,Amount daughter radio.,64.64,,,,,21-23
8352,Mikayla Smith,Female,19,2025-04-10,Stationery,Increase likely live.,363.8,,,,,18-20
1356,Stacey Smith,Female,24,2025-04-10,Stationery,Effect student performance experience.,50.09,,,,,24-26
5305,Daniel Fisher,Male,22,2025-01-23,Utilities,Order fear after particular control.,149.6,,,,,21-23
5189,Joseph Fernandez,Female,25,2025-03-28,Entertainment,Cut page believe.,473.48,,,,,24-26
4479,Andrew Smith,Male,18,2025-02-13,Food,Size situation wide interesting.,370.14,,,,,18-20
2712,Cassandra Freeman,Female,25,2025-03-16,Utilities,Me there tell benefit.,209.09,,,,,24-26
8974,Ashlee Martinez,Female,19,2025-02-05,Stationery,Area behavior decision network.,394.18,,,,,18-20
6700,Robin Andrews,Female,20,2025-03-29,Entertainment,Training station once.,307.88,,,,,18-20
5519,Leslie Bowman MD,Female,24,2025-02-21,Transport,Offer whether.,413.11,,,,,24-26
3487,Dr. Amber Brown,Male,25,2025-04-17,Transport,Number maintain happen.,103.91,,,,,24-26
2352,Michelle Allen,Male,23,2025-02-16,Stationery,Mention paper.,33.41,,,,,21-23
2813,Joseph Pearson,Female,22,2025-03-13,Transport,Apply whether many teacher.,413.29,,,,,21-23
5972,David Pearson,Male,18,2025-03-07,Food,Bad light various him.,268.61,,,,,18-20
2447,Albert Walker,Female,24,2025-03-04,Transport,Enter give magazine way approach.,58.4,,,,,24-26
3856,Sara Mitchell,Male,18,2025-03-13,Transport,Prevent night though.,474.91,,,,,18-20
6345,Edward Thomas,Female,24,2025-01-31,Food,Industry simply develop.,381.8,,,,,24-26
1715,Christopher Newman,Female,25,2025-03-17,Transport,Spend receive your third.,319.85,,,,,24-26
7982,Rachel Wilson,Female,23,2025-04-04,Utilities,Several reveal.,55.28,,,,,21-23
9858,John Gonzalez,Male,24,2025-02-04,Utilities,Early send.,264.06,,,,,24-26
2704,Sandra York,Female,24,2025-01-28,Entertainment,Production poor item parent mention.,76.35,,,,,24-26
1000,Clayton Roth,Female,24,2025-04-06,Food,Tonight among hit degree.,330.34,,,,,24-26
7737,Mark Mejia,Female,25,2025-04-04,Food,Organization each focus.,358.21,,,,,24-26
3497,Antonio Castro,Female,22,2025-03-16,Food,Drop support important lose teach.,135.25,,,,,21-23
2603,Eric Lopez,Male,19,2025-04-20,Stationery,Yourself local in model staff.,407.6,,,,,18-20
4503,Scott Baird,Female,22,2025-01-27,Stationery,New strong everyone garden.,153.63,,,,,21-23
5023,Nicholas Long,Male,20,2025-02-04,Food,Suggest crime.,28.45,,,,,18-20
4917,Kelly Thomas,Male,18,2025-03-08,Transport,Thus plant.,305.27,,,,,18-20
5140,Jessica Williams,Female,24,2025-03-05,Stationery,Enough vote get level before.,130.52,,,,,24-26
4033,William Hayes,Male,25,2025-02-21,Transport,Work before policy a.,352.09,,,,,24-26
8431,Justin Johnson,Male,19,2025-04-08,Utilities,Role fight industry reason until.,180.57,,,,,18-20
2455,Katherine Lopez,Female,22,2025-04-02,Utilities,Sign talk leader remain.,259.01,,,,,21-23
1851,Kelly Mcgee,Male,25,2025-02-05,Entertainment,Throughout matter represent.,100.1,,,,,24-26
9805,Michelle Anderson,Male,23,2025-03-27,Stationery,Wish since.,199.41,,,,,21-23
1291,Jessica Dunn,Male,20,2025-02-19,Utilities,Stay particularly also.,411.37,,,,,18-20
7497,Monica Watkins,Male,24,2025-04-17,Transport,Trial increase run spring personal.,196.14,,,,,24-26
6558,Anthony Shaw,Male,19,2025-03-30,Transport,Country really spring.,52.03,,,,,18-20
8021,Daniel Rivera,Female,22,2025-02-12,Transport,Choice particular parent.,192.04,,,,,21-23
1771,Kenneth Duarte,Female,23,2025-02-23,Food,Run ask much wrong range.,492.08,,,,,21-23
9623,Amanda Ramirez,Male,23,2025-02-26,Entertainment,Western board.,31.37,,,,,21-23
3156,Darrell Jackson,Female,21,2025-02-24,Stationery,Meet each door in check.,276.84,,,,,21-23
2765,Aaron Bryant,Male,20,2025-03-07,Stationery,Group generation source model.,472.52,,,,,18-20
6867,Matthew Williams,Female,21,2025-02-15,Entertainment,Five sea strong.,383.19,,,,,21-23
8788,Steven Lee,Male,21,2025-03-26,Transport,Peace arrive security game some.,465.5,,,,,21-23
1616,William Mcgrath,Female,22,2025-04-06,Food,Necessary child what daughter stage.,233.38,,,,,21-23
1566,Carrie Williams,Male,24,2025-02-15,Transport,She certainly other could single.,460.43,,,,,24-26
2781,Bryan Roberts,Male,21,2025-01-24,Utilities,Pay method piece.,168.81,,,,,21-23
9909,Sandra Allen,Male,20,2025-04-15,Stationery,Will return hope hair music.,149.57,,,,,18-20
5603,Makayla Anderson,Female,23,2025-02-19,Food,Challenge when interest.,448.54,,,,,21-23
2903,Sandra Miller,Female,21,2025-03-08,Stationery,Media camera political wall.,80.36,,,,,21-23
1556,Elizabeth Watts,Female,23,2025-03-01,Transport,Nature couple me mother.,429.51,,,,,21-23
3494,Bethany Johnson,Male,22,2025-03-15,Food,Customer event bar.,145.59,,,,,21-23
6191,Ellen Smith,Female,22,2025-03-20,Transport,Attorney building.,213.77,,,,,21-23
5558,Sonya Hubbard,Male,24,2025-04-09,Transport,Professor really large me tell.,123.76,,,,,24-26
1710,Tammy Blevins,Male,23,2025-01-28,Transport,Three follow agent.,463.16,,,,,21-23
9961,Jacob Herring,Female,23,2025-03-03,Transport,Whatever understand.,73.69,,,,,21-23
4590,Kristy Ingram,Male,24,2025-03-30,Transport,Including card save.,218.45,,,,,24-26
8402,Erica Hess,Female,22,2025-03-23,Entertainment,Environmental go discuss.,368.51,,,,,21-23
7147,Robert Salazar,Male,25,2025-04-06,Utilities,Image man many this.,37.48,,,,,24-26
2094,Vincent Choi,Male,22,2025-02-18,Food,Toward military after.,347.89,,,,,21-23
7105,Brad Aguilar,Female,22,2025-04-03,Utilities,Candidate when price three.,169.66,,,,,21-23
2308,Amber Turner,Female,18,2025-03-01,Stationery,Pull east place report north.,78.45,,,,,18-20
3453,Nicole Bridges,Male,21,2025-03-07,Stationery,Worker agent material.,280.91,,,,,21-23
8097,Chase Brown,Male,23,2025-03-20,Food,Read agency.,121.5,,,,,21-23
7264,Jonathan Fritz,Male,21,2025-03-04,Utilities,Level create interesting.,428.52,,,,,21-23
5825,Maria Richardson,Male,18,2025-04-09,Transport,Opportunity must reduce program.,401.44,,,,,18-20
9608,Ashley Carter,Male,21,2025-02-06,Stationery,Certainly need room.,196.05,,,,,21-23
6791,Mary Oliver,Female,19,2025-03-25,Food,West several.,65.8,,,,,18-20
4064,Mark Martin,Male,18,2025-02-19,Food,Reason national.,232.01,,,,,18-20
2585,Richard Wilson,Female,19,2025-04-08,Food,Very respond single.,97.51,,,,,18-20
8235,Bryan Miller,Male,20,2025-03-23,Stationery,Traditional create card series.,247.76,,,,,18-20
6491,Allen Hodges,Male,21,2025-02-15,Entertainment,Step stop somebody.,115.51,,,,,21-23
5431,Dawn Jackson,Male,21,2025-03-07,Transport,Quality economic study class data.,45.16,,,,,21-23
8200,Benjamin Harris,Male,22,2025-03-03,Entertainment,Know direction customer.,197.7,,,,,21-23
3644,Stephanie Reed,Female,22,2025-03-05,Utilities,Same north property.,163.78,,,,,21-23
5778,Brenda Garrett,Male,20,2025-04-14,Utilities,Discover since brother Mrs memory.,136.74,,,,,18-20
1685,Tammy Simmons,Male,19,2025-04-03,Transport,Concern provide dark.,347.29,,,,,18-20
7238,George Montgomery,Female,19,2025-03-18,Utilities,Stock attention summer suffer.,303.82,,,,,18-20
9131,Barbara Baker,Male,21,2025-03-13,Stationery,Tv who we body.,221.77,,,,,21-23
6344,Donna Holloway,Male,23,2025-03-27,Utilities,Republican where.,448.79,,,,,21-23
2517,Destiny Campbell,Male,20,2025-04-14,Transport,Husband majority task eye.,202.09,,,,,18-20
2026,Ann Rodriguez,Male,24,2025-03-04,Entertainment,Camera pass answer.,259.06,,,,,24-26
3793,Geoffrey Long,Male,20,2025-03-08,Stationery,Few information week consider.,345.84,,,,,18-20
2519,Stephanie Stevens,Female,24,2025-01-27,Entertainment,On draw meet use challenge.,318.28,,,,,24-26
8295,Dana Lewis,Male,20,2025-04-10,Transport,Physical happy list home.,393.04,,,,,18-20
8029,Taylor Adams,Male,25,2025-03-16,Food,Source beyond.,36.29,,,,,24-26
2915,Darin Carpenter,Male,25,2025-02-23,Stationery,Same weight step.,406.96,,,,,24-26
1170,Patricia Costa,Male,18,2025-03-31,Utilities,Want hold before wish.,196.61,,,,,18-20
3303,Melissa Johnson,Male,24,2025-02-16,Utilities,Community food.,104.04,,,,,24-26
7219,Anna Landry,Female,21,2025-02-14,Transport,Old range rich maintain continue.,475.38,,,,,21-23
3924,Veronica Huerta,Male,21,2025-01-31,Food,Process open term possible.,467.89,,,,,21-23
3932,Stephen Romero,Male,20,2025-04-10,Utilities,Sing note image successful.,372.03,,,,,18-20
9437,Meghan Hernandez,Female,21,2025-02-15,Utilities,Night street toward land.,180.88,,,,,21-23
2952,Daniel Jordan,Male,20,2025-02-15,Transport,Chair else into action.,248.41,,,,,18-20
3717,William Lyons,Male,18,2025-02-15,Transport,Agree pressure present.,417.24,,,,,18-20
1917,Michael Cook,Male,21,2025-03-26,Transport,Movement discover indeed marriage.,420.94,,,,,21-23
3954,Kristin Kelly,Male,25,2025-02-09,Food,Operation break get move.,429.56,,,,,24-26
6554,Jamie Young,Male,23,2025-04-17,Utilities,Girl shoulder war former.,401.61,,,,,21-23
7839,Eduardo Thompson,Female,19,2025-01-30,Stationery,Cost spring security meet early.,36.3,,,,,18-20
9507,Jennifer Kelly,Female,23,2025-04-09,Utilities,Book mean kitchen.,466.17,,,,,21-23
2011,Jeffrey Smith,Male,23,2025-03-20,Stationery,Far can role red.,386.7,,,,,21-23
5534,George Pacheco,Female,19,2025-03-28,Utilities,Visit before education bank away.,152.07,,,,,18-20
2831,Brenda Mcguire,Female,24,2025-02-23,Utilities,Run next call attention.,255.44,,,,,24-26
8221,Katherine Evans,Female,22,2025-03-22,Entertainment,Discussion while mouth report force.,142.7,,,,,21-23
7249,Tyler Payne,Male,20,2025-03-13,Stationery,Knowledge community field along street.,159.67,,,,,18-20
5375,Amanda Bridges,Male,22,2025-04-01,Transport,Event sit.,308.98,,,,,21-23
5557,Jared Vang,Male,18,2025-02-05,Transport,Dark seem two travel its.,195.29,,,,,18-20
8304,Sheila Holloway,Male,23,2025-02-17,Transport,Like loss.,380.25,,,,,21-23
4585,Robert Fisher,Female,22,2025-02-04,Transport,Under impact pay.,279.64,,,,,21-23
4389,William Martinez,Female,21,2025-02-10,Utilities,Soon green thus.,47.61,,,,,21-23
9161,Mary Herring,Female,18,2025-02-24,Food,Box sure forget television.,116.27,,,,,18-20
8171,Rachel Vazquez,Male,20,2025-04-13,Entertainment,Goal pressure career.,459.77,,,,,18-20
7494,Jessica Scott,Female,21,2025-04-13,Utilities,Daughter happy represent somebody skin.,233.5,,,,,21-23
1684,Bradley Gallagher,Male,22,2025-04-09,Food,Clear front chance.,95.81,,,,,21-23
3699,Michael Palmer,Female,22,2025-02-05,Entertainment,Beautiful sometimes family century.,135.02,,,,,21-23
2849,Carl Blackwell,Male,20,2025-04-11,Transport,Lead line street drop image.,376.02,,,,,18-20
4409,Maria Gomez,Female,23,2025-02-09,Transport,Politics agent him.,350.87,,,,,21-23
4447,Michael Evans,Male,24,2025-04-10,Transport,Recent low task join now.,94.97,,,,,24-26
3345,Anthony Wagner,Female,22,2025-02-16,Transport,Each audience.,310.38,,,,,21-23
8324,Luis Price,Male,20,2025-04-20,Stationery,Feel pretty throw value.,278.1,,,,,18-20
7753,Betty Russo,Female,25,2025-02-09,Food,Action officer tend.,49.9,,,,,24-26
6659,Dylan Carroll,Male,22,2025-03-29,Transport,Sport to very if.,264.05,,,,,21-23
3583,Natalie Edwards,Female,25,2025-03-15,Stationery,Only pick.,49.72,,,,,24-26
4317,Barbara Burns,Female,23,2025-03-20,Transport,Fund bring trial north.,285.52,,,,,21-23
3015,Carolyn Espinoza,Female,21,2025-04-06,Stationery,Husband area operation natural.,349.32,,,,,21-23
9101,Timothy Bennett,Female,20,2025-04-12,Entertainment,Door free wait left.,223.47,,,,,18-20
7886,Joann Lawrence,Male,20,2025-03-28,Entertainment,View staff subject need.,231.12,,,,,18-20
4392,Deborah Keller,Female,25,2025-01-23,Food,The speech east.,425.51,,,,,24-26
8405,Stephanie Jackson,Female,20,2025-03-26,Food,Party turn.,497.1,,,,,18-20
7765,Brent Wong,Female,25,2025-03-03,Food,Early lot.,390.37,,,,,24-26
1608,Anthony Martin,Female,18,2025-01-27,Food,Must kind can.,96.63,,,,,18-20
2709,Tracy Rhodes,Male,18,2025-02-01,Transport,Sense case than.,409.32,,,,,18-20
1131,Laura George,Female,22,2025-02-16,Transport,Worry certainly.,243.53,,,,,21-23
9138,Jill Gonzales,Male,25,2025-03-07,Utilities,Until final blood.,419.55,,,,,24-26
9958,Laura Acosta,Female,25,2025-03-11,Transport,Election send relate.,362.43,,,,,24-26
7375,Brandi King,Female,23,2025-03-29,Utilities,Spring color work hear.,403.62,,,,,21-23
3157,Kim Garner,Female,21,2025-03-16,Utilities,Mention response.,170.67,,,,,21-23
5806,Brittney Fleming,Male,24,2025-04-05,Entertainment,In church cost.,225.97,,,,,24-26
7582,Jessica Foster,Male,24,2025-02-09,Stationery,Ok chair clearly tell poor.,383.84,,,,,24-26
3713,Dylan Garcia,Male,21,2025-02-03,Transport,College light keep.,327.39,,,,,21-23
1919,Megan Jones,Female,21,2025-04-06,Utilities,Return deep receive.,214.88,,,,,21-23
3346,Kelly Wood,Female,24,2025-03-07,Food,Similar court world former only.,497.66,,,,,24-26
2692,Seth Kline,Male,21,2025-02-28,Stationery,Window already lose.,261.3,,,,,21-23
8876,Tracy Hansen,Male,22,2025-03-30,Entertainment,Central check before ever.,483.28,,,,,21-23
4781,Lauren Simmons,Male,24,2025-04-14,Stationery,Evening call likely window official.,327.82,,,,,24-26
3582,Megan Brown,Female,23,2025-04-13,Food,Course term like build.,108.06,,,,,21-23
7390,Andrew Johnson,Female,25,2025-01-26,Food,Build history.,345.0,,,,,24-26
9637,Luke Brown,Male,24,2025-02-04,Entertainment,Material list writer recent.,487.23,,,,,24-26
8333,Anthony Hernandez,Male,23,2025-03-26,Stationery,Nearly option end investment.,113.44,,,,,21-23
2395,Jonathon French,Female,25,2025-02-05,Stationery,Particularly day operation.,445.13,,,,,24-26
3961,Kevin Russell,Female,21,2025-03-03,Entertainment,Maybe water store bank.,82.84,,,,,21-23
1242,Riley Moore,Female,20,2025-02-08,Utilities,Them moment where.,365.87,,,,,18-20
2861,Joseph Smith,Male,23,2025-03-09,Stationery,Particularly glass letter.,175.3,,,,,21-23
8219,Rodney Robinson,Female,19,2025-02-18,Transport,Charge compare guy.,393.6,,,,,18-20
8151,Bryan Mccarty,Female,19,2025-03-07,Stationery,Movement lay free floor pick.,487.63,,,,,18-20
6142,Ryan Singh,Male,21,2025-02-12,Utilities,Fine early past.,92.83,,,,,21-23
5634,Vanessa Ruiz,Female,20,2025-04-15,Entertainment,Others eye security send.,51.12,,,,,18-20
4620,Walter Carrillo,Female,22,2025-03-24,Utilities,As else bag he.,291.85,,,,,21-23
5567,Jamie Smith,Male,24,2025-01-29,Food,Of possible model.,125.74,,,,,24-26
6546,Susan Bailey,Female,18,2025-01-31,Transport,Stock put mother toward pass.,252.95,,,,,18-20
1539,Tamara Anderson,Male,18,2025-04-03,Utilities,Life Republican particularly since manager.,31.89,,,,,18-20
5176,Amy Anderson,Male,24,2025-03-06,Stationery,Several lead which present.,489.02,,,,,24-26
2421,Shari Stewart,Male,24,2025-02-07,Entertainment,It policy.,430.1,,,,,24-26
5667,Michael Adams,Male,20,2025-04-10,Entertainment,Throughout same as teacher.,33.84,,,,,18-20
3023,Gordon Martinez,Male,18,2025-01-28,Food,View national.,302.17,,,,,18-20
7817,Robert Ellison,Male,20,2025-04-19,Entertainment,Heavy series.,121.73,,,,,18-20
4179,Ashley Pace,Female,19,2025-04-11,Entertainment,Loss wide sit able sit.,267.74,,,,,18-20
6666,Cindy Jones,Female,25,2025-04-06,Utilities,Party enter require.,473.88,,,,,24-26
4383,Scott Martin,Male,19,2025-04-08,Stationery,After big picture.,321.76,,,,,18-20
5404,Heidi Allen,Female,25,2025-02-01,Stationery,Foreign oil interesting air.,181.05,,,,,24-26
3216,Michelle Bolton,Female,23,2025-04-07,Food,Hard possible third then.,115.48,,,,,21-23
3264,Marissa Morgan,Female,24,2025-03-13,Transport,Stage rock cost quality.,273.1,,,,,24-26
3595,Eduardo Wilson,Female,23,2025-01-24,Stationery,Professional get.,207.01,,,,,21-23
8186,John Gonzalez,Male,21,2025-04-04,Food,Field popular write.,158.37,,,,,21-23
5465,William Brown,Female,24,2025-02-08,Stationery,Style nothing our continue.,492.62,,,,,24-26
6827,Joseph Miller,Female,20,2025-03-23,Entertainment,Side building fill small walk.,457.42,,,,,18-20
4570,Nicole Rivera,Male,23,2025-01-31,Entertainment,Forget left large idea art.,164.08,,,,,21-23
8715,Kirsten Jenkins,Female,24,2025-01-26,Entertainment,Walk conference leave.,32.73,,,,,24-26
3164,Melinda Davis,Male,23,2025-02-18,Entertainment,Hand threat deal adult result.,27.85,,,,,21-23
1058,Teresa Valdez,Male,25,2025-03-13,Food,Require international mention send.,225.84,,,,,24-26
2181,Jacqueline Rodriguez,Female,21,2025-04-09,Stationery,Individual future cup sometimes.,136.37,,,,,21-23
8007,Mrs. Olivia Vasquez,Male,19,2025-03-21,Stationery,East tough team game much.,358.47,,,,,18-20
4006,Debbie Lozano,Male,22,2025-03-12,Utilities,Social wish himself reflect.,492.5,,,,,21-23
9037,Allison Werner,Female,25,2025-04-19,Utilities,Strong throughout push interest hold.,121.83,,,,,24-26
5235,Robert Lynch,Female,20,2025-03-25,Utilities,Rest two pick.,118.62,,,,,18-20
4463,James Holmes,Male,21,2025-04-06,Stationery,People thus security parent.,356.13,,,,,21-23
9275,Timothy Trujillo,Male,23,2025-04-12,Food,Raise produce maintain support.,31.31,,,,,21-23
5021,Vanessa Munoz,Male,25,2025-04-13,Utilities,Music hundred news voice last.,311.48,,,,,24-26
4079,Sheena Parker,Female,21,2025-03-03,Utilities,Alone term between many.,74.97,,,,,21-23
9022,Andre Hardy,Female,18,2025-03-22,Stationery,Imagine red far.,323.5,,,,,18-20
8361,Danielle Fox,Female,25,2025-02-11,Utilities,Hear response stop.,58.21,,,,,24-26
4376,Lauren Rose,Female,21,2025-03-05,Stationery,Four song impact cut.,368.97,,,,,21-23
6458,Micheal Holmes,Male,21,2025-02-24,Utilities,Particularly use how firm.,345.85,,,,,21-23
6760,Veronica Murphy,Male,25,2025-04-01,Transport,Environment democratic church coach.,280.07,,,,,24-26
7363,Tyler Warren,Female,21,2025-03-19,Food,Magazine improve investment agree matter.,126.22,,,,,21-23
3339,Christopher Mann,Male,21,2025-04-14,Utilities,Throw former.,281.12,,,,,21-23
4262,Donald Perry,Female,19,2025-03-27,Food,Help sing third huge.,496.09,,,,,18-20
1655,Amanda Wallace,Male,25,2025-03-28,Entertainment,Reason serve region not.,455.11,,,,,24-26
4678,Julian Brewer,Female,19,2025-04-05,Stationery,Despite image cultural.,84.59,,,,,18-20
4343,Barbara Mcgrath,Male,25,2025-03-09,Entertainment,Admit weight dream.,470.08,,,,,24-26
4327,Timothy Williams,Female,24,2025-04-03,Entertainment,Bad meeting.,298.67,,,,,24-26
9408,Jill Brown,Female,19,2025-02-18,Entertainment,Those put because.,251.47,,,,,18-20
1582,Michelle Morales DDS,Female,23,2025-03-02,Entertainment,Material car realize service.,207.04,,,,,21-23
7569,Christina Holt,Female,21,2025-02-02,Transport,College serious ability war into.,159.6,,,,,21-23
3804,Rita Smith,Female,19,2025-02-10,Entertainment,Claim provide billion special action.,107.02,,,,,18-20
8493,Ashley Sims,Female,18,2025-01-26,Stationery,Fast sort require scientist.,146.27,,,,,18-20
7717,Theresa Bell,Male,19,2025-03-08,Entertainment,Identify happy sound.,142.88,,,,,18-20
3648,Chris Obrien,Female,23,2025-03-25,Entertainment,Network late leg.,323.84,,,,,21-23
5876,Madison Thompson,Male,25,2025-03-03,Utilities,Camera already over.,286.29,,,,,24-26
1936,Brenda Johnson,Male,21,2025-04-07,Transport,Partner who officer morning.,20.12,,,,,21-23
7708,Stephen Solis Jr.,Male,18,2025-02-16,Entertainment,Style behind arrive agree.,382.72,,,,,18-20
5619,Kathleen Thompson,Male,23,2025-03-16,Stationery,Message cost my throughout across.,67.42,,,,,21-23
3029,Terry Chavez,Male,24,2025-03-23,Entertainment,Nation side.,39.81,,,,,24-26
1376,Jasmine Davis,Male,23,2025-01-22,Stationery,Accept break conference.,449.42,,,,,21-23
9059,Daniel French,Female,18,2025-03-08,Stationery,Section cause third blood.,116.21,,,,,18-20
9581,Kirk Johnson,Male,21,2025-04-19,Utilities,Clear whatever.,349.59,,,,,21-23
3244,Helen Bell,Male,24,2025-03-11,Transport,Executive wrong.,496.88,,,,,24-26
3176,Brian Conner,Female,19,2025-01-21,Entertainment,Thing as possible.,164.83,,,,,18-20
7851,Andrew Scott,Male,18,2025-03-12,Entertainment,Moment movie particularly.,21.36,,,,,18-20
8213,Christopher Sanders,Female,22,2025-04-02,Stationery,Threat suffer seven hand now.,205.06,,,,,21-23
8526,Jacqueline Smith,Female,20,2025-02-14,Transport,Area her well pay.,358.96,,,,,18-20
9088,Richard Dixon,Male,21,2025-03-11,Food,Movement bill.,78.12,,,,,21-23
3734,Jeffrey Rivera,Female,22,2025-03-25,Food,Rock marriage expert partner.,484.23,,,,,21-23
9793,Kyle Hale,Female,24,2025-01-30,Transport,Mouth happy agree.,218.08,,,,,24-26
4265,Jamie Pierce,Female,21,2025-02-28,Stationery,This her system.,111.33,,,,,21-23
7797,Terri Fitzpatrick,Female,20,2025-02-16,Utilities,White century fall.,27.05,,,,,18-20
6539,Patricia Blair,Male,25,2025-02-26,Entertainment,Official do happy law skill.,231.59,,,,,24-26
8503,Zoe Jackson,Female,25,2025-02-14,Food,Me challenge.,117.8,,,,,24-26
3944,Teresa Smith,Male,19,2025-04-17,Entertainment,Buy ask adult window.,446.63,,,,,18-20
9359,Ann Holland,Female,23,2025-03-20,Utilities,Someone its top.,420.37,,,,,21-23
6486,Megan Zamora,Male,19,2025-04-10,Stationery,Just industry interest character.,146.25,,,,,18-20
9520,Joel Lewis,Male,22,2025-03-29,Entertainment,Current full reality interesting.,125.29,,,,,21-23
9079,Justin Meza,Female,21,2025-03-27,Food,Exist trade data industry.,123.94,,,,,21-23
4517,Jason Lam,Female,18,2025-02-26,Stationery,Happy yeah economy already.,190.31,,,,,18-20
5137,Kristen Morgan,Male,23,2025-02-18,Entertainment,Seem friend property work to.,304.01,,,,,21-23
1990,Joshua Anderson,Male,19,2025-03-11,Transport,Watch still run skin.,313.8,,,,,18-20
2156,Brandon Mendoza,Male,20,2025-03-17,Transport,Full success lead exactly.,80.12,,,,,18-20
8202,Lydia Cowan,Female,24,2025-01-30,Entertainment,Water cover difference.,499.62,,,,,24-26
2825,Jennifer Wilson,Female,18,2025-03-21,Transport,Organization against.,429.94,,,,,18-20
9946,Jeffrey Lee,Male,21,2025-03-29,Stationery,Not down.,302.32,,,,,21-23
2228,Joshua Jackson,Male,23,2025-03-15,Transport,Concern color.,104.45,,,,,21-23
4729,Jonathan Cain,Female,22,2025-02-09,Utilities,Field market Mr.,31.33,,,,,21-23
1577,Steven Armstrong,Male,22,2025-04-03,Transport,While hair present parent.,171.03,,,,,21-23
8695,Randy Rivers,Female,21,2025-04-01,Transport,Such traditional she think.,342.4,,,,,21-23
9382,Darren Rivas,Female,25,2025-02-05,Food,For continue.,456.1,,,,,24-26
7612,Mathew Morris,Female,22,2025-01-29,Entertainment,Law kind father hand Democrat.,345.54,,,,,21-23
8090,Peggy Cordova,Male,18,2025-01-25,Stationery,Join him.,433.03,,,,,18-20
3066,Katherine Moyer,Male,21,2025-01-21,Food,Career music.,363.03,,,,,21-23
3537,Tiffany Castillo,Female,24,2025-04-07,Utilities,Born hope follow recently instead.,160.21,,,,,24-26
2988,Debbie Owen,Female,22,2025-01-23,Entertainment,Including increase many Mr.,438.26,,,,,21-23
2157,Brandon Mendez,Female,23,2025-01-28,Food,Cause beautiful after opportunity.,318.45,,,,,21-23
3775,Patrick Morgan,Female,22,2025-04-11,Transport,Fall specific southern light.,92.96,,,,,21-23
6413,Katie Schmidt,Female,20,2025-03-28,Utilities,Accept into follow court.,283.44,,,,,18-20
7315,Rebecca Wilson,Female,23,2025-01-23,Stationery,Eye answer democratic radio.,243.39,,,,,21-23
2533,Christian Ruiz,Male,18,2025-02-09,Transport,Feeling from administration detail.,377.28,,,,,18-20
7445,Rebecca Wilkerson,Female,22,2025-03-13,Entertainment,Shake consumer girl.,333.64,,,,,21-23
4794,Nancy Blackwell,Male,20,2025-03-10,Entertainment,Study memory address charge when.,258.86,,,,,18-20
6052,Matthew Carter,Female,22,2025-02-13,Entertainment,Ever memory his.,123.86,,,,,21-23
7945,Tyler Richardson,Female,19,2025-02-04,Transport,Certainly him officer society hard.,355.28,,,,,18-20
1310,Cody Welch,Male,23,2025-04-18,Stationery,Executive throw myself.,73.5,,,,,21-23
6055,Martin Sanders,Male,23,2025-02-07,Food,Ready rock performance throughout training.,292.36,,,,,21-23
6141,Timothy Fisher,Female,25,2025-02-26,Utilities,Commercial street if home.,216.46,,,,,24-26
6147,Colton Matthews,Female,25,2025-03-04,Stationery,Significant probably each.,145.82,,,,,24-26
2330,Stephanie Allen,Female,25,2025-04-10,Food,Political south.,72.62,,,,,24-26
1692,Paige Warren,Female,23,2025-04-08,Entertainment,Special lay middle defense actually.,411.1,,,,,21-23
7447,Kayla Washington,Female,23,2025-03-12,Food,Happen difference what.,339.5,,,,,21-23
2607,Tony Cox,Female,18,2025-03-28,Food,Attention something.,233.05,,,,,18-20
6445,Carolyn Gross,Male,22,2025-03-29,Entertainment,High section whose short person.,131.93,,,,,21-23
1678,Corey Parks,Female,23,2025-03-28,Entertainment,Score value news.,45.83,,,,,21-23
5817,Steven Nguyen,Male,21,2025-01-28,Entertainment,Down in activity.,339.77,,,,,21-23
6658,Samantha Peters,Male,19,2025-04-14,Transport,Rest stuff two.,31.05,,,,,18-20
3347,James Perry,Male,18,2025-04-16,Transport,Every model kind enter.,486.93,,,,,18-20
2270,Aaron Pearson,Female,24,2025-04-18,Food,Major sometimes.,126.65,,,,,24-26
8672,Troy Gibson,Female,24,2025-04-16,Stationery,National area human all.,361.13,,,,,24-26
2329,Stephanie Mcknight,Male,18,2025-04-04,Utilities,Understand throw war.,387.23,,,,,18-20
7372,Brent Jones,Male,21,2025-02-27,Utilities,The value purpose.,115.97,,,,,21-23
3248,Tiffany Griffith,Male,20,2025-04-04,Food,Laugh explain policy put first.,357.61,,,,,18-20
9539,Larry Ray,Female,22,2025-04-11,Stationery,Ten true health.,88.86,,,,,21-23
4660,Diana Arnold,Female,20,2025-03-09,Stationery,Arm follow subject.,155.95,,,,,18-20
1849,Michele Gordon,Male,18,2025-04-04,Stationery,Ok crime size student.,426.84,,,,,18-20
6079,Lisa Rose,Female,19,2025-02-02,Stationery,Wide from day road.,238.14,,,,,18-20
7404,Stephanie Montgomery,Female,25,2025-02-05,Entertainment,Their none than send result.,421.51,,,,,24-26
2218,Nicole Thomas,Female,21,2025-03-21,Transport,Ability culture also.,273.2,,,,,21-23
1819,James Johnson,Male,20,2025-02-13,Food,Design fine bank example.,293.68,,,,,18-20
9464,Michael Smith,Male,25,2025-02-26,Entertainment,Against just.,45.49,,,,,24-26
9659,Roberto Cobb,Female,19,2025-01-23,Utilities,Kid court land one.,385.68,,,,,18-20
3678,Abigail Campbell,Female,22,2025-03-17,Transport,General pattern candidate.,106.38,,,,,21-23
7493,Jonathan Hansen,Female,23,2025-04-11,Food,Building shake.,342.84,,,,,21-23
8161,Charles Grant,Male,21,2025-03-02,Food,Indicate name leave charge.,370.42,,,,,21-23
9379,Darrell Sandoval,Female,18,2025-02-25,Utilities,Attention tell on.,433.22,,,,,18-20
3234,Brenda Hicks,Female,24,2025-04-20,Entertainment,Camera street stuff.,474.34,,,,,24-26
7065,Mitchell Ramsey,Female,23,2025-03-09,Utilities,Area other beautiful.,143.93,,,,,21-23
2273,Kent Carson,Male,23,2025-04-09,Utilities,Try lawyer impact.,383.09,,,,,21-23
8517,Linda Washington,Male,20,2025-03-26,Transport,Left deal although purpose.,296.89,,,,,18-20
5351,Melissa Kaiser,Female,24,2025-01-28,Utilities,Set quality.,106.53,,,,,24-26
6652,Karla Ward,Male,18,2025-04-06,Stationery,Serious role learn if.,159.5,,,,,18-20
1293,Austin Butler,Male,23,2025-03-29,Food,Wind economic job visit.,331.9,,,,,21-23
7667,Kenneth Clayton,Male,25,2025-01-31,Stationery,Special not year.,281.38,,,,,24-26
1314,Thomas Daniels,Male,19,2025-02-07,Stationery,Right force book chair.,361.1,,,,,18-20
1832,Jonathan James,Female,23,2025-02-07,Utilities,Arrive market war.,206.04,,,,,21-23
1309,Kenneth Ramos,Male,25,2025-01-27,Entertainment,Word though pass sound.,72.25,,,,,24-26
7512,Susan Andrews,Female,22,2025-03-31,Stationery,Long tell our.,416.43,,,,,21-23
1385,Angel Thompson,Female,21,2025-01-29,Stationery,Fill beat force when.,356.86,,,,,21-23
5999,Keith Long,Female,21,2025-03-13,Transport,Again soon that chair.,468.41,,,,,21-23
7650,Debra Atkinson,Male,24,2025-04-17,Food,Focus national keep develop.,35.55,,,,,24-26
9411,Cassandra Terry,Male,23,2025-02-14,Utilities,City place then.,278.66,,,,,21-23
3431,Lindsey Yang,Female,24,2025-04-04,Entertainment,Show white.,262.09,,,,,24-26
8880,Jacob Bell,Female,22,2025-02-17,Stationery,Career which court.,294.45,,,,,21-23
9103,Yesenia Collins,Male,24,2025-03-25,Stationery,Stage example interesting notice strong.,216.82,,,,,24-26
6188,Andrew Griffin,Female,23,2025-03-07,Entertainment,Meeting war.,456.36,,,,,21-23
6822,Thomas Williams,Male,20,2025-04-13,Transport,Design technology society woman.,234.47,,,,,18-20
4647,Elizabeth Thompson,Male,24,2025-02-17,Entertainment,Music time.,404.19,,,,,24-26
4876,Sergio Cook,Female,19,2025-03-28,Utilities,Art they word.,178.25,,,,,18-20
8036,Diane Guzman,Male,20,2025-02-25,Stationery,Agreement half house.,101.03,,,,,18-20
7301,Patrick Mckay,Female,24,2025-03-29,Food,Production game sure.,223.1,,,,,24-26
7956,Ashley Boyd,Male,25,2025-02-12,Food,Someone east pay camera.,394.52,,,,,24-26
6132,Karen Foster,Male,18,2025-03-12,Stationery,Forward car former give probably.,387.84,,,,,18-20
5658,Darlene Landry,Male,21,2025-04-08,Stationery,House million institution teacher kind.,428.44,,,,,21-23
6201,Kelly Crane,Male,24,2025-01-30,Food,Hair teacher eight turn.,363.95,,,,,24-26
5160,Melissa Wolf,Male,20,2025-03-07,Transport,Try there early rock.,26.13,,,,,18-20
1531,Steven Anderson,Male,21,2025-01-23,Food,Song keep these.,278.38,,,,,21-23
3930,Amber Ramirez,Male,23,2025-02-02,Transport,Entire at.,312.99,,,,,21-23
3150,Cheryl Campbell,Female,18,2025-02-21,Entertainment,Able suddenly crime why.,478.26,,,,,18-20
9681,Kara Sanchez,Female,19,2025-01-25,Transport,They protect trial.,419.36,,,,,18-20
6276,Jonathan Robertson,Male,18,2025-03-19,Stationery,Public career through share.,339.27,,,,,18-20
7580,Julie Hogan,Female,23,2025-03-25,Stationery,Senior successful management production.,48.06,,,,,21-23
5987,Sandra Decker,Female,24,2025-04-07,Utilities,Choice much check.,198.06,,,,,24-26
9833,Gina Brown,Male,21,2025-03-26,Transport,Until myself author lead.,138.36,,,,,21-23
3269,David Morgan,Female,22,2025-02-09,Transport,I wonder success.,402.61,,,,,21-23
8015,Keith Pearson,Female,23,2025-04-06,Transport,Score produce girl thank.,419.49,,,,,21-23
6120,Danielle Morales,Male,21,2025-03-08,Stationery,Animal white artist win.,303.86,,,,,21-23
6316,Molly Oconnell,Male,19,2025-02-15,Food,Able responsibility Mr color.,40.7,,,,,18-20
8589,Victoria Moore,Male,25,2025-03-02,Stationery,Begin million level.,122.79,,,,,24-26
3131,Jason Hayes,Female,18,2025-03-31,Stationery,Some newspaper require.,150.41,,,,,18-20
6882,Joseph Harris,Female,24,2025-02-07,Entertainment,Hair mind reality.,95.15,,,,,24-26
2471,Shaun Middleton,Female,24,2025-02-15,Food,Either environmental mind program.,269.31,,,,,24-26
5272,Bianca Baker,Female,25,2025-03-14,Entertainment,Voice although nation.,336.63,,,,,24-26
3641,Alexis Wolf,Male,21,2025-04-16,Stationery,About before part.,96.31,,,,,21-23
4983,Christopher Rogers,Male,20,2025-01-29,Food,He care sometimes.,268.56,,,,,18-20
3352,Danielle Scott,Male,18,2025-02-07,Transport,Account kid.,343.14,,,,,18-20
7876,James Rangel,Female,23,2025-04-13,Stationery,Above she.,475.69,,,,,21-23
2173,Michelle Jones,Male,22,2025-03-15,Transport,Follow ten.,299.62,,,,,21-23
2199,Laura Baker,Female,18,2025-03-29,Food,Focus buy sea development statement.,22.56,,,,,18-20
9540,Deborah Harris,Female,18,2025-03-20,Entertainment,Page hair court ever film.,66.51,,,,,18-20
6636,Jeffery Nguyen,Female,24,2025-03-29,Transport,Others act debate.,240.27,,,,,24-26
3743,Derrick Ramirez,Male,18,2025-02-23,Stationery,Live resource cultural.,168.92,,,,,18-20
4467,Amy Gutierrez,Male,19,2025-03-29,Stationery,Early maybe.,485.94,,,,,18-20
9285,Brianna Wilson,Female,23,2025-02-16,Stationery,Weight anything better.,371.84,,,,,21-23
6166,Mrs. Deanna Long,Male,19,2025-04-18,Food,World short out less among.,250.18,,,,,18-20
2858,Robert Anderson,Male,24,2025-02-09,Food,Field the long song.,373.13,,,,,24-26
2238,Daniel Bailey,Male,21,2025-01-25,Entertainment,There give.,85.79,,,,,21-23
1224,Kenneth Anderson,Female,23,2025-04-07,Food,Effort group.,76.6,,,,,21-23
2998,Nicholas Alexander,Female,20,2025-03-15,Food,Little affect raise again sport.,214.0,,,,,18-20
4610,Mario Richardson,Female,23,2025-01-21,Utilities,War box level left.,336.48,,,,,21-23
5313,Michael Fields,Female,23,2025-03-04,Transport,Soon indicate.,152.24,,,,,21-23
9145,David Turner,Female,24,2025-03-03,Entertainment,Remember car approach.,349.27,,,,,24-26
8501,Jeremy Miller,Male,25,2025-01-26,Food,Account could.,369.14,,,,,24-26
6019,April Mcdonald,Female,25,2025-02-16,Utilities,Arrive lawyer save.,482.75,,,,,24-26
5812,Kevin Jackson,Male,21,2025-02-28,Utilities,Rise whose wish.,168.12,,,,,21-23
5914,Nicole Herrera,Female,18,2025-02-08,Stationery,Mother company new.,159.51,,,,,18-20
7575,John Barnes,Female,21,2025-02-27,Stationery,Adult black serve.,78.56,,,,,21-23
3952,Ashley Burnett,Female,23,2025-04-03,Entertainment,Study keep just myself.,442.26,,,,,21-23
2753,Brian Brown,Female,24,2025-01-25,Entertainment,Bit into stage fire.,22.05,,,,,24-26
3711,Daniel Lee,Male,25,2025-03-12,Transport,Outside but common all property.,232.35,,,,,24-26
4311,Christina Collins,Male,19,2025-02-02,Food,Far risk then.,208.67,,,,,18-20
6253,Anthony Holden,Female,25,2025-02-17,Utilities,Service act some quality let.,317.86,,,,,24-26
3074,Andrew Bean,Female,19,2025-03-03,Stationery,Garden maybe.,344.42,,,,,18-20
5271,Brianna Tran,Female,18,2025-02-04,Transport,Discover wait everyone lead.,267.24,,,,,18-20
8310,Susan Mason,Female,22,2025-04-13,Transport,Smile seat.,117.86,,,,,21-23
6969,David Lamb,Female,18,2025-03-04,Food,More start red realize.,490.11,,,,,18-20
8862,Jonathan Shelton,Male,21,2025-01-26,Transport,Time where push side.,35.87,,,,,21-23
5191,Jamie Castillo,Female,24,2025-01-23,Entertainment,Remain notice house.,338.7,,,,,24-26
6404,Michael Clark,Female,21,2025-01-24,Utilities,Where information enough.,193.24,,,,,21-23
8153,Adam Bowers,Male,18,2025-04-01,Utilities,Agency base.,398.66,,,,,18-20
7023,Sharon Flores,Female,23,2025-02-12,Utilities,Bar author.,80.96,,,,,21-23
2979,Angela Holt,Female,18,2025-02-18,Entertainment,Civil happy like important rich.,305.92,,,,,18-20
9313,Angel Brady,Female,24,2025-03-08,Stationery,Close policy sell Mr area.,174.28,,,,,24-26
8469,Michael Davis,Female,24,2025-04-11,Entertainment,Partner less none ask feel.,219.88,,,,,24-26
8936,Troy Banks,Male,19,2025-04-02,Utilities,Radio throw.,91.99,,,,,18-20
1169,Samantha Haas,Male,23,2025-04-17,Transport,Home yourself.,53.22,,,,,21-23
9573,Diana Benson,Female,25,2025-03-29,Entertainment,Newspaper seem.,86.96,,,,,24-26
8583,Rebekah Santiago,Male,23,2025-02-02,Transport,Community church spend firm change.,33.62,,,,,21-23
3946,Autumn Garza DVM,Female,24,2025-02-04,Entertainment,Heart green full.,382.34,,,,,24-26
9265,Clinton Martin,Female,18,2025-02-03,Entertainment,Despite try nice language too.,429.0,,,,,18-20
3376,Christina Ramsey,Male,25,2025-04-16,Stationery,Defense them material.,416.59,,,,,24-26
8206,Debra Wilson MD,Male,22,2025-04-02,Stationery,See learn.,265.19,,,,,21-23
7056,Kathleen Tapia,Female,18,2025-04-15,Food,Subject lead sport side government.,308.53,,,,,18-20
5573,Justin Fowler,Female,21,2025-02-14,Entertainment,Position reflect side.,155.61,,,,,21-23
3964,David Lopez,Male,23,2025-03-13,Transport,Ever make.,497.04,,,,,21-23
3928,Lisa Griffin,Male,23,2025-03-13,Transport,Moment any according.,61.34,,,,,21-23
1234,Willie Clark,Male,25,2025-03-10,Food,Reason provide cup number.,475.46,,,,,24-26
9098,Kevin Carroll,Female,25,2025-04-10,Utilities,These body any.,265.82,,,,,24-26
8755,Eric Edwards,Female,23,2025-03-27,Food,Task idea development him.,388.3,,,,,21-23
1811,Sophia Esparza,Female,18,2025-03-28,Transport,Rock rise boy.,440.05,,,,,18-20
4967,David Jones,Female,23,2025-03-29,Utilities,Modern goal usually.,97.84,,,,,21-23
4956,Brittany Barr,Male,20,2025-03-10,Utilities,Start prove beyond within sister.,357.67,,,,,18-20
9619,Michelle Frank,Female,21,2025-03-19,Entertainment,On interesting after bed day.,257.28,,,,,21-23
7818,Dawn Marshall,Female,20,2025-03-14,Stationery,Boy population.,377.08,,,,,18-20
8912,Christine Reed,Female,19,2025-04-12,Utilities,Field trip.,458.78,,,,,18-20
8473,Kyle Perkins,Female,20,2025-02-04,Entertainment,When between race.,123.69,,,,,18-20
1905,Heather Dalton,Male,21,2025-01-28,Stationery,Between specific.,34.11,,,,,21-23
6110,Tonya Thomas,Male,22,2025-03-18,Stationery,Idea catch finish here.,386.62,,,,,21-23
7707,Miranda Morgan,Female,18,2025-03-11,Stationery,Effect cost coach special.,221.2,,,,,18-20
4617,Wanda Sandoval,Male,19,2025-02-17,Food,Second shake.,173.85,,,,,18-20
2046,Michelle Payne,Male,22,2025-04-08,Entertainment,Everybody society success.,144.28,,,,,21-23
3723,Tyler Ellison,Male,20,2025-04-20,Utilities,Add recent approach.,323.34,,,,,18-20
9035,Sean Patrick,Female,23,2025-04-02,Stationery,System back school yes.,279.59,,,,,21-23
7195,Lacey Bell,Male,18,2025-04-03,Utilities,Great school site send.,316.11,,,,,18-20
1753,Jane Ramirez,Male,21,2025-01-26,Stationery,Art those my main.,416.5,,,,,21-23
7567,Krystal Ramirez,Male,23,2025-02-14,Stationery,Itself me sell put.,462.72,,,,,21-23
3188,Marie Mclean,Male,19,2025-04-18,Transport,Medical bank.,228.08,,,,,18-20
8429,Kyle Davis,Female,23,2025-03-28,Transport,Within require machine.,69.4,,,,,21-23
1666,Joseph Stone,Female,21,2025-03-21,Entertainment,South focus bring.,420.45,,,,,21-23
8490,William Dean,Male,18,2025-02-25,Transport,Fast age her.,111.85,,,,,18-20
2665,Heidi Webster,Female,21,2025-02-14,Entertainment,Near realize.,396.82,,,,,21-23
1562,Crystal Taylor,Male,24,2025-04-15,Stationery,Why focus myself year.,193.54,,,,,24-26
1247,Katherine Howard,Male,23,2025-02-25,Food,Out coach own history scientist.,282.98,,,,,21-23
5288,Jesse Perkins,Male,25,2025-04-11,Entertainment,True eight parent upon.,53.37,,,,,24-26
4891,Casey Lopez,Male,23,2025-03-30,Food,Model sell require.,102.84,,,,,21-23
9611,Heather Jenkins,Male,18,2025-02-03,Utilities,Ago whole gun director.,320.27,,,,,18-20
2512,Chad Daniels,Female,23,2025-04-20,Stationery,Own however country such.,269.86,,,,,21-23
4691,Dawn Rose,Female,22,2025-02-05,Transport,Two successful idea.,407.56,,,,,21-23
9807,Kelly Bauer,Male,23,2025-01-28,Transport,Drop dark situation range third.,213.38,,,,,21-23
8376,Katherine Gibson,Male,23,2025-02-06,Utilities,Future adult join ten stop.,118.8,,,,,21-23
1868,Amanda Donovan,Female,24,2025-02-15,Food,Out figure.,25.28,,,,,24-26
1546,Matthew Goodman,Female,19,2025-01-25,Food,Upon we as none.,124.81,,,,,18-20
7784,James Wilkins,Male,22,2025-02-18,Entertainment,Ahead take describe.,453.45,,,,,21-23
2500,Ryan Gillespie,Female,22,2025-02-02,Entertainment,Light mouth.,258.3,,,,,21-23
4274,Harold Chavez,Female,20,2025-04-14,Transport,Against mission individual responsibility.,484.43,,,,,18-20
4216,Rachel Hicks,Female,18,2025-02-06,Food,Even not blue.,299.41,,,,,18-20
9328,Jacob Edwards,Male,21,2025-02-26,Entertainment,Window rich ok.,487.34,,,,,21-23
5338,Rhonda Nelson,Female,24,2025-01-27,Food,Economic office successful recently.,65.62,,,,,24-26
8690,Richard Clark,Male,25,2025-02-02,Food,Control really.,174.43,,,,,24-26
7189,Kevin Ferrell,Female,22,2025-02-01,Food,Skill light toward.,374.89,,,,,21-23
7724,Kimberly Miller,Female,25,2025-02-13,Food,Lead party believe.,33.79,,,,,24-26
3988,Edward Salazar,Female,24,2025-04-14,Utilities,Figure crime ago moment.,156.24,,,,,24-26
5748,Austin West,Male,23,2025-03-01,Stationery,Mind guess campaign at.,303.01,,,,,21-23
6974,Mark Tyler,Male,19,2025-04-09,Food,Today third level measure some.,305.15,,,,,18-20
9066,Robert Patterson,Female,23,2025-02-03,Entertainment,Near current only tough.,60.36,,,,,21-23
3291,Jordan Escobar,Male,21,2025-02-15,Utilities,Much thing.,176.95,,,,,21-23
9008,Johnathan Cook,Male,22,2025-04-09,Utilities,We small list.,492.55,,,,,21-23
2328,Donna Clarke,Female,25,2025-03-13,Transport,Character marriage on.,463.53,,,,,24-26
6779,Jordan Smith,Female,21,2025-03-05,Utilities,Town campaign.,307.53,,,,,21-23
1495,Jason Graham,Male,21,2025-02-01,Transport,Former statement decision parent.,82.35,,,,,21-23
1250,John Burns,Male,19,2025-04-03,Food,Image health color civil.,435.35,,,,,18-20
9895,Cynthia Greer,Female,24,2025-02-07,Food,Owner husband force.,478.56,,,,,24-26
5513,Erik Montgomery,Male,23,2025-01-30,Entertainment,Great serve I operation.,91.68,,,,,21-23
4481,Sarah Donovan,Female,20,2025-01-24,Transport,Whatever meet seat purpose.,168.05,,,,,18-20
2805,Anne Chandler,Male,25,2025-01-22,Food,Share partner charge.,281.28,,,,,24-26
2965,Mark Robinson,Female,25,2025-03-25,Food,Can leave investment.,286.67,,,,,24-26
8988,Brian Salinas,Male,22,2025-02-13,Stationery,Century others analysis mission.,325.68,,,,,21-23
6687,Charles Avery,Female,19,2025-02-06,Transport,Attorney campaign fact.,111.97,,,,,18-20
3055,David Mcdaniel,Male,24,2025-02-23,Transport,Ready grow.,396.97,,,,,24-26
7113,Juan Rodriguez,Female,23,2025-02-12,Entertainment,Beyond production food full.,76.87,,,,,21-23
5952,Carla Rodriguez,Female,22,2025-03-24,Food,Attention explain both agency.,477.32,,,,,21-23
9762,Juan Reese,Male,21,2025-01-29,Entertainment,Respond ability report.,41.39,,,,,21-23
7974,Katrina Bird,Female,24,2025-02-26,Transport,Kind past.,409.11,,,,,24-26
9369,Cynthia Rice,Male,20,2025-01-21,Food,Seem he system its.,90.79,,,,,18-20
8607,Elizabeth Miranda,Male,22,2025-01-24,Transport,Enjoy would.,214.23,,,,,21-23
1979,Virginia Sims,Female,24,2025-02-07,Food,Line enter part none.,418.62,,,,,24-26
6384,Karen Wallace,Female,23,2025-04-02,Entertainment,And training bad.,222.26,,,,,21-23
6813,Christina Mckenzie,Female,23,2025-04-19,Stationery,Enjoy heart.,348.08,,,,,21-23
7653,Arthur Phillips,Male,19,2025-02-22,Transport,Walk money receive can market.,313.16,,,,,18-20
6109,Nicole Franklin,Male,19,2025-02-28,Food,Study break agency pressure glass.,81.01,,,,,18-20
6518,Emily Franklin,Female,19,2025-03-28,Stationery,Develop fight finish college.,425.91,,,,,18-20
4649,Kathleen Cohen,Male,21,2025-04-03,Food,Argue eat skill natural.,341.12,,,,,21-23
2452,Marco Waller,Female,22,2025-02-25,Food,Matter music cultural might.,138.51,,,,,21-23
2009,Colleen Day,Female,23,2025-03-08,Utilities,Those nice.,191.8,,,,,21-23
3499,Mrs. Megan Lang,Female,24,2025-02-28,Food,Small organization increase participant.,93.44,,,,,24-26
4828,Michelle Reyes,Female,21,2025-03-23,Transport,Organization order treatment health manager.,30.16,,,,,21-23
7750,Todd Campbell,Male,19,2025-02-08,Food,Way kind east control.,117.4,,,,,18-20
4024,Emily Garcia,Female,20,2025-01-22,Utilities,Land various.,170.25,,,,,18-20
6977,Alison Holder,Female,22,2025-02-21,Transport,Painting seven poor.,328.81,,,,,21-23
9496,Paul Smith,Female,22,2025-01-25,Utilities,Have position section top statement.,95.68,,,,,21-23
8013,Mr. Brendan Cooper,Male,24,2025-03-21,Utilities,Crime growth decade peace.,480.36,,,,,24-26
7341,Anthony Berg,Female,20,2025-02-14,Transport,White nice set.,355.14,,,,,18-20
9295,Erika Flores,Male,23,2025-04-06,Entertainment,Man though set never.,460.42,,,,,21-23
7509,Jeremy Moore,Female,21,2025-02-12,Entertainment,Any fish field fund full.,395.87,,,,,21-23
8568,Andrew Garcia,Female,24,2025-04-08,Utilities,Spring office rule rather.,427.77,,,,,24-26
3513,Laurie Martinez,Male,19,2025-02-12,Stationery,Skin wish several.,453.76,,,,,18-20
7712,Stacey Smith,Female,23,2025-02-08,Entertainment,Senior my court.,369.4,,,,,21-23
6149,Eric Clarke,Male,25,2025-02-17,Utilities,As worry condition.,50.16,,,,,24-26
8760,Jeffrey Lambert,Male,23,2025-04-18,Food,Do machine industry doctor.,474.13,,,,,21-23
7684,Melissa Frye,Male,22,2025-04-20,Transport,Lose perhaps professional.,280.73,,,,,21-23
4444,Megan Simon,Female,18,2025-01-24,Transport,With half.,494.33,,,,,18-20
4346,Tiffany Wolf,Male,21,2025-03-22,Entertainment,Institution exist discuss.,96.01,,,,,21-23
6398,Kristin West,Female,20,2025-04-17,Utilities,South enjoy single.,348.46,,,,,18-20
5533,Lisa Melendez,Male,20,2025-03-24,Entertainment,Subject management modern.,247.67,,,,,18-20
7496,Stacey Anderson,Male,22,2025-03-20,Transport,Land throw person tax speech.,266.09,,,,,21-23
1130,Brandon Gregory,Male,20,2025-01-23,Utilities,Possible enjoy ahead traditional.,114.92,,,,,18-20
8551,Thomas Rodriguez,Female,18,2025-03-25,Transport,Condition piece two price.,32.5,,,,,18-20
6870,Miss Barbara Sanchez DVM,Male,22,2025-04-18,Utilities,Early pull write.,313.72,,,,,21-23
3177,Jason Bailey,Male,20,2025-02-03,Utilities,Relationship civil.,374.89,,,,,18-20
1391,Megan Schmidt,Female,23,2025-02-14,Transport,Watch culture cell court.,473.59,,,,,21-23
9587,Jonathan Mcneil,Male,22,2025-03-27,Transport,Service research thing point.,421.44,,,,,21-23
8599,Beth Reid,Female,23,2025-03-11,Food,That police second game expert.,129.41,,,,,21-23
7796,Raymond Reeves,Male,19,2025-03-31,Food,President them reflect.,143.45,,,,,18-20
4830,Brian Moreno,Male,22,2025-02-22,Entertainment,Significant religious conference recognize worker.,316.7,,,,,21-23
3219,Craig Campbell,Female,20,2025-04-06,Entertainment,College since company.,28.06,,,,,18-20
8897,Gerald Brown,Female,25,2025-03-13,Stationery,All if need population.,451.16,,,,,24-26
4345,Maria Taylor,Female,19,2025-02-11,Transport,Already difficult return food.,194.75,,,,,18-20
6878,Christopher Thompson,Male,21,2025-03-02,Stationery,Season administration seat expert.,77.33,,,,,21-23
9457,Fernando Williams,Female,25,2025-03-17,Stationery,Former add success anyone.,52.86,,,,,24-26
6922,Anna Anderson,Male,20,2025-02-18,Food,Argue reveal my.,204.6,,,,,18-20
6349,Andrew Foster,Female,20,2025-03-15,Entertainment,Particular value conference see food.,488.47,,,,,18-20
5107,Christopher Fowler,Male,20,2025-04-19,Transport,Since benefit break necessary lay.,393.74,,,,,18-20
3325,Carol Martin,Male,21,2025-02-05,Food,Rather both lead city.,213.2,,,,,21-23
8552,Tanya Pearson,Male,23,2025-03-12,Transport,Listen bill realize practice.,132.25,,,,,21-23
9264,Sophia Morton,Male,23,2025-04-02,Entertainment,Beat traditional huge person.,466.3,,,,,21-23
2612,Robert Leon,Female,25,2025-02-21,Stationery,Magazine region charge.,191.86,,,,,24-26
1457,James Potter IV,Female,25,2025-04-03,Utilities,Eye wear site political.,353.86,,,,,24-26
8057,Susan Jensen,Female,21,2025-04-13,Entertainment,Prepare him six suffer.,325.06,,,,,21-23
5539,Frederick Smith,Female,18,2025-03-17,Stationery,Interest political commercial.,426.18,,,,,18-20
8898,Jessica Obrien,Female,18,2025-04-07,Food,Campaign too only evidence.,302.5,,,,,18-20
5745,Luis Richardson,Female,23,2025-01-29,Transport,Set event.,444.03,,,,,21-23
3249,Jonathan Allen,Male,18,2025-04-04,Transport,Relate around seat home record.,90.08,,,,,18-20
1054,Kimberly Rodriguez,Male,24,2025-01-30,Food,Its painting.,195.98,,,,,24-26
2267,Miss Anna White,Female,22,2025-03-25,Transport,Produce lead focus.,45.67,,,,,21-23
5964,Alexander Medina,Female,19,2025-01-30,Transport,Each at white through especially.,411.53,,,,,18-20
7855,Timothy Richmond,Female,18,2025-03-29,Food,Save positive body travel.,262.0,,,,,18-20
2145,Deborah Robbins,Male,19,2025-02-03,Stationery,Would learn many.,168.93,,,,,18-20
6022,Justin Griffin,Male,22,2025-02-05,Entertainment,Fast consumer.,115.84,,,,,21-23
2685,Crystal Houston,Male,19,2025-03-13,Food,Teacher heart turn Congress research.,378.36,,,,,18-20
6029,Micheal Mcintosh,Female,23,2025-01-25,Entertainment,Also will miss.,142.84,,,,,21-23
2389,Mrs. Jennifer Williams MD,Female,22,2025-01-29,Food,Successful throw speak.,85.98,,,,,21-23
2599,Gail Burns,Female,25,2025-04-11,Food,Player fight this never.,143.41,,,,,24-26
1476,Joshua Kirby,Male,21,2025-04-05,Transport,Strategy little.,456.22,,,,,21-23
4560,Matthew Curry,Male,18,2025-02-27,Entertainment,Measure north little let.,230.03,,,,,18-20
6393,Samantha Wise,Female,21,2025-03-27,Utilities,Result something.,311.08,,,,,21-23
6945,Dana Mcknight,Female,25,2025-04-02,Utilities,Sit federal because return.,202.22,,,,,24-26
3500,Julie Dawson,Male,21,2025-04-14,Utilities,Police town space where.,253.69,,,,,21-23
7321,Scott Cervantes,Female,21,2025-04-14,Transport,Let parent happen.,449.17,,,,,21-23
2309,Jillian Hart,Male,23,2025-02-18,Entertainment,Determine perhaps energy challenge.,373.47,,,,,21-23
5718,Jamie Bush,Female,18,2025-01-24,Entertainment,About two.,306.34,,,,,18-20
4026,Morgan Smith,Female,21,2025-02-10,Transport,Southern second.,319.78,,,,,21-23
2387,Joseph Johnson,Male,22,2025-03-28,Utilities,Without say suddenly.,170.79,,,,,21-23
8479,Elizabeth Lewis,Male,22,2025-04-11,Entertainment,Interest general Mr far.,63.11,,,,,21-23
9365,Angel Roberts,Male,19,2025-03-03,Entertainment,Away study security story.,143.22,,,,,18-20
4770,Scott Juarez,Female,18,2025-04-20,Food,Themselves seek.,385.17,,,,,18-20
5704,Ryan French,Male,22,2025-03-17,Utilities,To include word.,428.74,,,,,21-23
6024,Derrick Orozco,Female,20,2025-04-08,Transport,Pretty style treatment.,471.74,,,,,18-20
1778,Rebecca Ortiz,Male,18,2025-02-12,Food,Continue ask.,253.95,,,,,18-20
5447,Michael Crawford,Female,19,2025-02-05,Utilities,Part nor.,72.73,,,,,18-20
1342,Samuel Arnold,Female,23,2025-03-17,Utilities,Who raise put nation there.,495.75,,,,,21-23
8647,Maria Martinez,Female,21,2025-03-05,Food,Half wind thing couple tax.,471.13,,,,,21-23
4509,Amanda Wolfe,Male,24,2025-04-11,Entertainment,Happen country sea agree.,352.27,,,,,24-26
2780,Ashley Hayes,Female,24,2025-02-12,Entertainment,Spring world yeah.,297.18,,,,,24-26
2053,Melissa Suarez,Male,25,2025-02-19,Utilities,Officer consumer son difficult beautiful.,437.33,,,,,24-26
9404,Carmen Hawkins,Male,24,2025-04-15,Stationery,Pressure be data meet.,306.98,,,,,24-26
4779,Shannon Bradley,Female,21,2025-02-10,Transport,Wide campaign toward.,437.31,,,,,21-23
2955,Leslie Osborne,Female,18,2025-03-22,Food,Become common especially family piece.,411.86,,,,,18-20
7616,Derek Leonard,Female,22,2025-03-29,Transport,Population fight gas score.,479.83,,,,,21-23
1028,Brian Lambert,Male,19,2025-03-29,Entertainment,Season already federal whether.,257.39,,,,,18-20
3660,Scott Meyers,Male,21,2025-03-24,Utilities,Say south bank lot.,444.16,,,,,21-23
1800,Scott Williams,Female,19,2025-03-02,Food,Happen work possible.,150.93,,,,,18-20
1094,Michael Thomas,Male,22,2025-03-06,Utilities,Sell born open reason entire.,53.55,,,,,21-23
2498,Jennifer Hernandez DDS,Male,19,2025-04-06,Transport,These take.,147.64,,,,,18-20
4831,Victor Gates,Male,18,2025-01-28,Transport,Himself low suffer.,197.59,,,,,18-20
1317,Ann Newman,Female,22,2025-03-15,Transport,Speech fine draw.,72.41,,,,,21-23
7901,Michael Reilly,Female,21,2025-04-04,Stationery,Team reality teacher culture rate.,220.17,,,,,21-23
8840,Patrick Lewis,Male,22,2025-03-08,Entertainment,Alone along step building.,59.4,,,,,21-23
5671,Cody Warren,Male,25,2025-02-23,Stationery,Lay section dinner range.,192.86,,,,,24-26
7994,Kelly Smith,Male,19,2025-04-02,Utilities,Of result management attorney.,104.19,,,,,18-20
4542,Jacob Obrien,Male,23,2025-03-26,Utilities,Agent message.,248.92,,,,,21-23
2505,Mrs. Madison Roberts,Male,24,2025-03-02,Stationery,Character great land serve collection.,24.06,,,,,24-26
9785,Elizabeth Roach,Male,24,2025-04-20,Transport,Maintain specific difference.,26.11,,,,,24-26
4173,Emily Rodriguez,Female,24,2025-03-01,Transport,Including report marriage difficult.,400.25,,,,,24-26
9420,Alexander Medina,Male,18,2025-01-23,Entertainment,Research leg analysis exist.,263.92,,,,,18-20
3101,Barbara Riley,Female,22,2025-02-17,Transport,Available entire which.,478.87,,,,,21-23
1453,Beth Flynn,Female,20,2025-04-14,Transport,Mother create water.,285.55,,,,,18-20
2790,Edward Raymond MD,Female,20,2025-03-23,Entertainment,Game city explain that vote.,163.93,,,,,18-20
4658,Harold Hart,Male,21,2025-04-08,Entertainment,Threat guy firm environmental.,236.61,,,,,21-23
6820,Christian Smith,Female,20,2025-02-20,Food,Laugh among condition.,191.07,,,,,18-20
5562,Karen Coleman,Female,20,2025-03-12,Food,Important agent star top former.,406.55,,,,,18-20
6367,Donald Johnson,Male,24,2025-02-24,Stationery,Range oil.,436.72,,,,,24-26
1736,Michael Greer,Male,25,2025-02-03,Stationery,Various him course through.,411.68,,,,,24-26
6205,James Barton,Female,25,2025-03-30,Stationery,Group fly side.,346.66,,,,,24-26
8917,William Rogers,Female,22,2025-04-08,Entertainment,Morning eye live.,169.28,,,,,21-23
2980,Laura Ellis,Female,23,2025-04-13,Utilities,Six successful check.,412.61,,,,,21-23
6748,Joanne Lindsey,Male,21,2025-04-18,Utilities,Around law before hope.,447.11,,,,,21-23
2301,Travis Lopez,Female,20,2025-02-19,Food,Able treat husband likely certain.,338.07,,,,,18-20
6196,Nicholas Oliver,Male,19,2025-01-28,Utilities,Approach sea child.,115.47,,,,,18-20
4285,Kim Schwartz,Female,20,2025-02-25,Utilities,Stock campaign base rock.,260.81,,,,,18-20
4670,Shelly Lara,Female,20,2025-03-05,Stationery,Sport can those.,412.14,,,,,18-20
6164,Adam Schmidt,Male,22,2025-02-18,Stationery,Serious free.,204.48,,,,,21-23
9374,Susan Woods,Male,18,2025-03-25,Utilities,Glass behind class.,66.25,,,,,18-20
1494,Michelle Holden,Male,20,2025-03-02,Food,Television both popular develop.,274.07,,,,,18-20
4772,Jessica Wilson,Male,20,2025-02-17,Food,Goal just policy drug.,287.96,,,,,18-20
5046,Heather Collins,Male,22,2025-03-15,Entertainment,What professional magazine.,209.93,,,,,21-23
7364,Denise Davis MD,Female,24,2025-02-27,Stationery,Family same PM.,196.63,,,,,24-26
5980,Nicole Cox,Female,21,2025-01-30,Food,Hospital lawyer not world.,376.63,,,,,21-23
1871,Elizabeth Peters,Female,22,2025-04-01,Utilities,Move write pick somebody.,334.72,,,,,21-23
2446,Norma Thompson,Male,25,2025-02-09,Food,Stuff choose look crime financial.,66.05,,,,,24-26
8902,David Williams,Male,18,2025-04-12,Entertainment,Huge wind finish.,499.89,,,,,18-20
1493,Andre Garcia,Male,22,2025-03-06,Transport,Could serve.,113.24,,,,,21-23
3266,Mary Bender,Male,20,2025-04-10,Utilities,Season development point usually stuff.,302.64,,,,,18-20
6517,Renee Bryant,Male,18,2025-04-10,Food,Occur American fall either sometimes.,332.88,,,,,18-20
1425,Morgan Payne,Female,21,2025-02-03,Food,Who attorney assume fill.,59.13,,,,,21-23
4578,Nicole Mitchell,Male,25,2025-03-11,Utilities,Player indicate western if enjoy.,143.09,,,,,24-26
9614,Hannah Hicks,Female,20,2025-02-09,Food,Spring have.,100.65,,,,,18-20
9882,Isaac Turner,Female,19,2025-03-25,Entertainment,Study focus letter old deal.,492.28,,,,,18-20
7107,Lori Wolfe,Female,24,2025-01-31,Utilities,Fact account score.,393.59,,,,,24-26
3493,Tracy Roberts,Female,23,2025-02-20,Entertainment,Make approach business opportunity.,384.11,,,,,21-23
2276,Jason Colon,Female,20,2025-04-02,Utilities,Majority sure source.,133.53,,,,,18-20
7649,Laura Smith,Male,25,2025-02-21,Transport,Attorney candidate fish.,283.24,,,,,24-26
5204,Sara Young,Female,18,2025-02-18,Stationery,Officer force hope their.,332.59,,,,,18-20
6926,Victoria Gomez,Female,24,2025-04-07,Utilities,Safe street who case.,78.28,,,,,24-26
1602,Jacob Schroeder,Male,19,2025-02-08,Utilities,Visit tell buy increase.,119.61,,,,,18-20
1806,Alexis Schmidt,Male,19,2025-02-26,Food,Notice movement open perhaps.,141.12,,,,,18-20
7715,Mark Hunter,Male,23,2025-02-19,Utilities,Course huge back.,245.57,,,,,21-23
1188,Mitchell King,Male,21,2025-04-13,Transport,Could station bring help nature.,471.68,,,,,21-23
8133,Gary Jackson,Female,22,2025-03-13,Transport,Himself class someone commercial prepare.,112.42,,,,,21-23
3814,Christine Johnson,Male,24,2025-03-24,Utilities,Friend process.,88.28,,,,,24-26
9186,Nicole Medina,Female,24,2025-04-15,Food,Gun quickly scene.,362.02,,,,,24-26
4529,Debra Golden,Female,22,2025-02-01,Utilities,Me life senior.,187.02,,,,,21-23
1239,Jennifer Campbell,Male,20,2025-02-17,Utilities,Together force will.,165.05,,,,,18-20
4010,Amy Morris,Male,23,2025-04-03,Stationery,Raise brother.,179.34,,,,,21-23
2271,Daniel Flowers,Male,21,2025-03-03,Transport,Dog talk water break.,257.53,,,,,21-23
8061,Kenneth Silva,Male,22,2025-02-25,Utilities,Power suffer everything free skin.,75.48,,,,,21-23
5376,Sydney Brady,Male,25,2025-03-01,Entertainment,Positive another treatment.,273.43,,,,,24-26
9312,Jason Rios,Female,23,2025-04-01,Transport,Huge official increase.,340.07,,,,,21-23
4902,Aaron Barker,Male,18,2025-02-12,Utilities,Figure third Democrat.,341.93,,,,,18-20
3009,Andrea Moran,Male,23,2025-01-25,Food,Team develop bring.,149.26,,,,,21-23
5348,James Parker,Male,19,2025-02-06,Utilities,Draw practice lead alone.,320.77,,,,,18-20
2198,Jackson Palmer,Female,23,2025-03-28,Food,Education speak describe most.,123.29,,,,,21-23
5472,Andrew Rivera,Female,22,2025-03-03,Entertainment,Figure rate.,115.85,,,,,21-23
1332,Keith Salazar III,Female,25,2025-04-01,Entertainment,Everything PM.,91.65,,,,,24-26
9175,Matthew Perkins,Female,21,2025-01-31,Utilities,Development sort.,322.86,,,,,21-23
3959,Cynthia Hansen,Male,23,2025-02-06,Entertainment,Field western.,210.72,,,,,21-23
5801,Lori Alexander,Female,25,2025-02-05,Food,Fish baby explain.,273.91,,,,,24-26
8998,Cheryl Marshall,Male,21,2025-03-05,Transport,Final almost big meet.,491.41,,,,,21-23
8815,Peter Jimenez,Female,24,2025-02-24,Food,Edge money allow through.,312.58,,,,,24-26
6531,Virginia Duncan,Female,23,2025-03-26,Stationery,Mouth from director maybe particularly.,448.69,,,,,21-23
9598,Michelle Little,Female,24,2025-01-24,Food,Investment evidence.,295.11,,,,,24-26
2919,Ian Thompson,Female,25,2025-02-17,Transport,Station range remember.,361.28,,,,,24-26
6485,Megan Hernandez,Female,25,2025-03-02,Entertainment,Size house any information.,429.28,,,,,24-26
7701,David Robertson,Female,21,2025-02-03,Stationery,Pass center cause.,44.31,,,,,21-23
6327,Alexis Bennett,Female,20,2025-02-19,Utilities,Election note run author.,365.31,,,,,18-20
5119,Mario Thomas,Female,19,2025-03-11,Food,Mother chance name benefit mother.,430.12,,,,,18-20
5638,Anna Cervantes,Male,18,2025-03-15,Transport,Indicate word number pick energy.,435.39,,,,,18-20
6292,Joshua Barnett,Female,22,2025-03-24,Transport,Billion ready.,454.09,,,,,21-23
6077,Shawn Williamson,Male,18,2025-02-11,Transport,Recently visit like other.,409.95,,,,,18-20
1670,Randy Lucas,Female,20,2025-04-05,Food,Carry practice.,351.29,,,,,18-20
9672,Katherine Olsen,Male,20,2025-03-16,Utilities,Tree source draw newspaper difficult.,390.51,,,,,18-20
1436,Carmen Edwards,Male,22,2025-04-17,Entertainment,One woman not as.,177.1,,,,,21-23
8544,Stacy Velazquez,Male,23,2025-01-31,Food,Alone bank.,63.62,,,,,21-23
3343,Wyatt Wright,Male,25,2025-04-14,Utilities,Place reason real.,499.85,,,,,24-26
6605,Lisa Valentine,Male,22,2025-01-23,Transport,Phone feeling against upon.,336.12,,,,,21-23
4565,Aaron Greene MD,Male,21,2025-03-26,Entertainment,Sport field Republican cup.,333.71,,,,,21-23
7545,Kathleen Davis,Male,23,2025-02-04,Food,Time bad goal them.,314.69,,,,,21-23
8331,Douglas Reyes,Female,22,2025-02-24,Entertainment,If color radio.,213.15,,,,,21-23
2756,Kayla Harrison,Male,24,2025-04-19,Entertainment,East sign me better.,451.0,,,,,24-26
2982,Mrs. Courtney Cochran,Male,24,2025-02-11,Transport,Feel attention mission.,29.68,,,,,24-26
5169,Dale Jensen,Male,23,2025-04-11,Entertainment,Southern doctor.,232.87,,,,,21-23
8128,Elizabeth Arnold,Female,24,2025-02-09,Transport,Most maybe find out house.,51.65,,,,,24-26
2485,Gwendolyn Rios,Female,21,2025-03-22,Transport,Husband letter.,450.66,,,,,21-23
6931,Anthony Ryan,Female,24,2025-02-27,Stationery,Town act eight.,405.39,,,,,24-26
9952,Elizabeth Garner,Female,20,2025-02-02,Utilities,Exist ok total statement.,310.17,,,,,18-20
8101,Jessica Castillo,Male,22,2025-04-11,Stationery,Information throw peace billion.,462.59,,,,,21-23
1394,Whitney Kline,Female,21,2025-01-24,Entertainment,Clearly move term better probably.,125.69,,,,,21-23
1439,Juan Baker,Female,21,2025-02-14,Food,Seek of race.,37.03,,,,,21-23
2292,Jacob Johnson,Female,24,2025-03-25,Utilities,Far significant any writer how.,232.0,,,,,24-26
2116,Jesus Griffith,Male,23,2025-03-27,Food,Beat continue.,168.57,,,,,21-23
3443,Kayla Miller,Male,24,2025-02-06,Utilities,Attack woman well.,475.28,,,,,24-26
2653,Stephanie Good,Male,23,2025-04-19,Entertainment,Should easy.,212.4,,,,,21-23
9276,Paula Shannon,Male,23,2025-04-02,Food,May present leave often.,148.91,,,,,21-23
9401,Catherine Gonzalez,Female,20,2025-03-23,Food,Window ready popular.,227.07,,,,,18-20
8802,Michelle Ramos,Male,23,2025-02-25,Utilities,Indicate you nature ever floor.,263.83,,,,,21-23
2356,Tonya Alvarez,Female,18,2025-01-30,Food,Court pass main require.,276.98,,,,,18-20
4496,Evan Stevens,Male,19,2025-03-26,Stationery,Who leave.,193.8,,,,,18-20
9004,Thomas Charles,Female,21,2025-03-20,Stationery,West American population consumer lot.,159.0,,,,,21-23
6047,Victor Wilkinson,Male,21,2025-02-09,Stationery,Night task support perhaps choose.,121.67,,,,,21-23
3084,Sandra Solomon,Female,22,2025-04-12,Utilities,Fast too lose.,163.48,,,,,21-23
4183,Jacqueline Young,Female,19,2025-04-13,Transport,Line agent speech drive.,231.73,,,,,18-20
3953,Rebecca Ortega,Female,21,2025-01-22,Entertainment,Reduce art fact.,393.83,,,,,21-23
5101,Thomas Mullen,Male,25,2025-01-21,Utilities,Actually hold hope.,416.43,,,,,24-26
9582,Laura Mccormick,Male,18,2025-04-11,Transport,Court develop fear degree.,56.82,,,,,18-20
3232,Thomas Harris MD,Female,18,2025-03-13,Food,Democratic part.,175.91,,,,,18-20
1611,John Rojas,Male,21,2025-03-23,Stationery,Argue behind stock despite.,134.55,,,,,21-23
7820,Glenn Jackson,Female,25,2025-02-04,Transport,Style least court.,149.14,,,,,24-26
2458,Shelby Moore,Male,19,2025-02-17,Utilities,Look several live wish.,365.7,,,,,18-20
5335,Michael Weber,Male,24,2025-03-11,Transport,Anything sense community to change.,128.08,,,,,24-26
7550,Kristin Hamilton,Female,22,2025-04-03,Entertainment,Structure start.,459.31,,,,,21-23
4329,Stefanie Carpenter,Female,23,2025-01-29,Food,Same always mouth.,321.09,,,,,21-23
3250,Tina Rodgers DDS,Male,21,2025-03-04,Transport,Baby entire instead time.,30.59,,,,,21-23
6469,Joshua Taylor,Female,20,2025-03-02,Entertainment,Prevent base president administration.,388.58,,,,,18-20
1132,Sharon Johnson,Male,23,2025-03-19,Transport,Physical product very once team.,231.64,,,,,21-23
8528,Dave Ray,Male,24,2025-02-12,Entertainment,Fact environmental necessary suffer improve.,268.82,,,,,24-26
4356,Mary Jones,Male,18,2025-04-03,Transport,Part factor.,341.0,,,,,18-20
8198,Javier Williams,Male,20,2025-01-31,Utilities,Worry join.,301.46,,,,,18-20
3418,Jasmine Terry,Female,21,2025-02-04,Transport,Little common rich.,401.2,,,,,21-23
9741,Eugene Johnson,Male,23,2025-01-27,Utilities,Including every wait old commercial.,21.4,,,,,21-23
9297,James Steele,Female,24,2025-02-19,Food,Street security pass officer.,152.26,,,,,24-26
1200,Brenda Meyer,Female,19,2025-02-21,Transport,Involve huge return.,30.04,,,,,18-20
5975,Seth Clark,Male,24,2025-03-09,Entertainment,Though hair.,109.96,,,,,24-26
6023,Mr. Arthur Smith Jr.,Male,22,2025-04-01,Food,Skin next.,491.16,,,,,21-23
6241,Timothy Burnett,Male,25,2025-02-05,Stationery,Difficult coach yes north if.,109.39,,,,,24-26
5196,Kurt Mcguire,Male,20,2025-02-06,Stationery,Time model however play later.,189.07,,,,,18-20
2549,George Dean,Male,23,2025-02-10,Food,Work early bed ask subject.,363.07,,,,,21-23
1336,Joseph Weaver,Female,24,2025-03-29,Entertainment,Win TV carry.,68.46,,,,,24-26
3404,Alexander Hernandez,Female,24,2025-04-12,Food,Although region lot guess.,62.94,,,,,24-26
7832,Terri Morgan,Male,19,2025-03-22,Transport,Likely catch operation.,285.85,,,,,18-20
3217,Amy Chan,Female,21,2025-02-08,Stationery,Compare thing election whether herself.,420.28,,,,,21-23
1924,Heather Parker,Female,20,2025-02-15,Entertainment,Morning Democrat itself walk.,58.7,,,,,18-20
6152,Jennifer Patterson,Male,22,2025-03-17,Stationery,Loss now draw share TV.,482.1,,,,,21-23
5326,Sarah Sullivan,Female,20,2025-04-09,Stationery,Nation maintain forward personal.,389.29,,,,,18-20
6524,David Travis,Female,25,2025-03-10,Transport,Specific hot.,481.15,,,,,24-26
6534,Jonathan Collins,Female,22,2025-03-15,Food,Upon think city quite.,304.38,,,,,21-23
2003,Charlotte Gomez,Female,18,2025-02-09,Transport,Town second.,416.45,,,,,18-20
9689,Amy Lucas,Female,24,2025-04-18,Utilities,Every cup senior.,479.19,,,,,24-26
7607,Mr. Cody Bailey MD,Male,23,2025-02-06,Stationery,Civil with forward rest.,313.93,,,,,21-23
3862,Joseph Hernandez,Female,21,2025-02-12,Entertainment,High compare only out vote.,424.63,,,,,21-23
4105,Scott Foster,Male,18,2025-04-12,Utilities,Begin senior side time.,415.28,,,,,18-20
7214,Emily Leon,Male,20,2025-03-04,Transport,Free fill far.,468.39,,,,,18-20
2754,Anna Turner,Male,20,2025-02-08,Utilities,Them account brother when board.,218.47,,,,,18-20
1950,Dawn Clark,Male,23,2025-02-15,Transport,Improve increase rule scientist.,34.07,,,,,21-23
3245,Justin Dawson,Female,19,2025-04-15,Utilities,Ask ten alone agree deal.,132.44,,,,,18-20
8148,Gloria Parker,Male,18,2025-03-19,Utilities,Laugh film game.,230.07,,,,,18-20
7635,Robert Cobb,Female,23,2025-01-30,Entertainment,Class watch fly think.,304.44,,,,,21-23
8438,Dr. Jennifer Maxwell DDS,Female,25,2025-03-23,Stationery,Community prepare stuff wall stay.,152.19,,,,,24-26
4287,Sandra Lang,Female,19,2025-03-07,Transport,Network my here always.,327.05,,,,,18-20
7921,Megan Mcintyre,Male,21,2025-02-04,Stationery,Look federal dream.,406.46,,,,,21-23
6067,Raymond Aguilar,Female,21,2025-02-06,Transport,Evening green force specific actually.,138.72,,,,,21-23
4245,Joseph Allen,Male,19,2025-01-24,Entertainment,Too everything central interview.,185.4,,,,,18-20
6071,Christine Hanna,Male,20,2025-03-08,Utilities,Or since exist.,398.53,,,,,18-20
8786,Maria Howard,Female,18,2025-04-04,Food,Writer play.,493.35,,,,,18-20
9166,Sarah Tanner,Male,20,2025-03-02,Transport,Edge girl program.,315.21,,,,,18-20
3989,Jonathon Cooper,Male,18,2025-02-19,Utilities,That pass.,476.66,,,,,18-20
3558,Aaron Cunningham,Female,20,2025-04-04,Utilities,Consumer threat number.,374.65,,,,,18-20
5350,Justin Davis,Male,19,2025-04-12,Stationery,Learn this how.,353.52,,,,,18-20
8292,Brandy Mann DVM,Male,20,2025-02-14,Transport,Toward general many view and.,395.12,,,,,18-20
5260,Heather Thomas,Female,18,2025-02-07,Food,Painting tend ability.,319.42,,,,,18-20
8629,Alan Williams,Male,23,2025-03-14,Food,Season discover produce.,322.49,,,,,21-23
8040,Richard Meza,Female,18,2025-03-25,Food,Chair cold drop.,298.59,,,,,18-20
5823,Elaine Ortiz,Male,21,2025-02-19,Utilities,Practice information fast deal.,234.88,,,,,21-23
2015,Brandon Taylor,Female,20,2025-03-13,Utilities,Occur follow read many.,219.35,,,,,18-20
8507,Stephanie Martinez,Male,23,2025-04-10,Stationery,Than activity much federal recently.,347.47,,,,,21-23
5279,James Hodges,Female,23,2025-04-16,Transport,Already care.,82.04,,,,,21-23
1043,Laura Thomas,Male,22,2025-02-23,Transport,That time out since.,393.17,,,,,21-23
2221,Stephanie Miller,Male,21,2025-03-04,Food,Campaign leg beat modern.,184.2,,,,,21-23
4931,Ethan Brown,Male,24,2025-02-04,Entertainment,Cup pull.,344.0,,,,,24-26
9063,Mark Humphrey,Female,19,2025-04-02,Food,Argue sure.,117.58,,,,,18-20
3396,Courtney Bowman,Female,25,2025-02-22,Utilities,As those.,272.2,,,,,24-26
7606,Veronica Gonzalez,Male,19,2025-03-23,Stationery,Left field list.,230.06,,,,,18-20
7812,Jamie Bailey,Male,21,2025-02-20,Stationery,Wish stand three figure.,97.52,,,,,21-23
1146,Mr. Travis Martinez,Female,22,2025-02-20,Utilities,Light agreement blue nation.,271.69,,,,,21-23
7500,Brooke Wilson,Male,20,2025-04-08,Food,Same yeah other per.,234.94,,,,,18-20
6787,David Young,Female,20,2025-01-28,Food,Approach think company million.,336.8,,,,,18-20
6059,Cynthia Ballard,Male,22,2025-02-16,Entertainment,Wear early argue office.,354.06,,,,,21-23
5390,Susan Hill,Female,21,2025-02-18,Transport,Technology respond car.,363.93,,,,,21-23
6545,Alice Hood,Male,23,2025-01-24,Stationery,Test somebody me.,485.45,,,,,21-23
1184,Caroline Sanders,Male,19,2025-03-15,Utilities,Enough this.,158.17,,,,,18-20
3691,Robert Walker,Female,22,2025-03-30,Transport,Approach these laugh another.,410.47,,,,,21-23
1837,Angela Walker,Male,19,2025-03-05,Transport,Expect have.,108.05,,,,,18-20
2258,Andrea Richardson,Female,25,2025-04-06,Stationery,Wish including.,309.41,,,,,24-26
7154,Reginald Hunter,Female,19,2025-03-08,Entertainment,If movie.,362.94,,,,,18-20
3467,Sharon Carrillo,Male,23,2025-02-02,Entertainment,Religious policy main.,263.29,,,,,21-23
1561,Stephen Russell,Male,23,2025-03-23,Utilities,Response foreign simply on.,444.67,,,,,21-23
2075,Laurie Villarreal,Female,24,2025-02-18,Utilities,Pull suffer employee water.,175.35,,,,,24-26
8969,Steven Brooks,Male,25,2025-04-06,Food,Machine newspaper former member how.,85.94,,,,,24-26
6802,Dr. Marco Rodriguez,Male,25,2025-02-10,Transport,Pretty Congress set.,136.79,,,,,24-26
2580,Gary Ingram,Female,24,2025-01-24,Food,Them sister become mouth drive.,117.52,,,,,24-26
3531,Cristian Harper,Male,20,2025-01-26,Food,Theory floor approach debate.,260.54,,,,,18-20
2342,Willie Dixon,Male,21,2025-03-22,Entertainment,Key environmental instead goal stage.,294.0,,,,,21-23
2598,Kimberly Hurst,Male,19,2025-01-31,Transport,Time do you voice.,149.63,,,,,18-20
4318,Walter Shelton,Female,18,2025-02-27,Stationery,Nice better garden data security.,172.34,,,,,18-20
5822,Mary Martin,Female,22,2025-03-15,Utilities,Base house rock pick mention.,157.05,,,,,21-23
2698,Abigail Walsh DDS,Male,22,2025-02-10,Food,Author million now throughout.,348.97,,,,,21-23
7449,Monica Myers,Male,18,2025-03-28,Transport,Others standard model per sing.,424.42,,,,,18-20
8960,Lori Carter,Male,21,2025-04-13,Entertainment,Road hair.,400.62,,,,,21-23
5343,Amy Roy,Female,25,2025-01-24,Utilities,Everything source would past.,358.46,,,,,24-26
2201,Tara Johnson,Male,19,2025-02-03,Entertainment,Color join prevent alone.,190.59,,,,,18-20
6932,Antonio Stewart,Female,21,2025-02-21,Utilities,Even employee.,128.69,,,,,21-23
3228,Mike Kemp,Female,19,2025-02-06,Transport,Music walk.,49.58,,,,,18-20
8913,Melissa Watson,Male,23,2025-02-01,Stationery,Own degree value.,290.95,,,,,21-23
6978,Joseph Gutierrez,Male,22,2025-03-09,Stationery,Other message enjoy example.,345.74,,,,,21-23
3025,Rachel Owens,Male,23,2025-03-19,Stationery,Site perhaps onto usually.,249.91,,,,,21-23
8022,Michael Dixon,Female,24,2025-04-17,Transport,List stage pressure somebody sort.,492.65,,,,,24-26
5337,Amy Berry,Male,19,2025-04-15,Transport,Really suffer fact move seat.,301.45,,,,,18-20
1699,Todd Allen,Male,25,2025-03-18,Transport,Manage police account.,75.57,,,,,24-26
1036,Christopher Blackwell,Male,21,2025-04-17,Food,Government second.,121.85,,,,,21-23
2569,Kristina Rogers DVM,Male,21,2025-01-22,Entertainment,Fight analysis who send billion.,41.1,,,,,21-23
3846,Dawn Sanford,Male,20,2025-03-20,Food,Hope able town decade.,248.23,,,,,18-20
8658,Brittney Gonzalez,Male,23,2025-04-18,Transport,Interest citizen end success.,267.69,,,,,21-23
1682,Wayne Mcclure,Male,20,2025-03-03,Stationery,Kitchen people memory whatever democratic.,459.27,,,,,18-20
7430,Amy Calderon,Male,19,2025-03-22,Food,Nature environmental half message.,111.53,,,,,18-20
2867,Eric Knight,Female,21,2025-04-04,Entertainment,Catch bag.,187.74,,,,,21-23
101,,Female,18,2025-02-03,transport,,230.0,,,,,
